id,name,kind,state
1,醋酸可的松注射液,5,0
2,黄瓜猪肉水饺,7,0
3,紫菜鸡蛋莲草汤,7,0
4,盐酸吗啉胍片,5,0
5,鹅肉,6,0
6,鸭肝,6,0
7,华润紫竹达那唑胶囊(达那唑胶囊),13,0
8,焦作福瑞堂血尿胶囊(血尿胶囊),13,0
9,广东国医堂安胎丸(安胎丸),13,0
10,鲁南小儿消积止咳口服液(小儿消积止咳口服液),13,0
11,沈阳津昌利巴韦林颗粒(利巴韦林颗粒),13,0
12,天津太平洋氨咖甘片(氨咖甘片),13,0
13,辽宁泰兴硬脂酸红霉素片(硬脂酸红霉素片),13,0
14,达那唑胶囊,12,0
15,涂片,3,0
16,核酸检测,3,0
17,尿路平片,3,0
18,康复治疗,11,0
19,玉米冬瓜粥,7,0
20,恒健制药维生素B1片(维生素B1片),13,0
21,玫满(盐酸米诺环素胶囊),13,0
22,蒸肝鸡蛋羹,7,0
23,长春长红盐酸金刚烷胺糖浆(盐酸金刚烷胺糖浆),13,0
24,哈药总厂托西酸舒他西林胶囊(托西酸舒他西林胶囊),13,0
25,杭州民生药业螺内酯片(螺内酯片),13,0
26,补肾斑龙片,2,0
27,拌马兰头,7,0
28,小儿急性支气管炎,1,0
29,外阴部妇科常规检查,3,0
30,肺水肿,9,0
31,甲泼尼龙片,2,0
32,制剂中间体,5,0
33,过敏性肺炎,1,0
34,鸡肉,6,0
35,宝庆六味地黄丸(六味地黄丸),13,0
36,珠海联邦阿莫西林胶囊(阿莫西林胶囊),13,0
37,苹果生菜酸奶汁,7,0
38,痰液细菌涂片检查,3,0
39,国发制药养血安神片(养血安神片),13,0
40,颐生堂维生素B1片(维生素B1片),13,0
41,草莓果汁,7,0
42,阿比多尔,12,0
43,依托红霉素片,12,0
44,药敏试验,3,0
45,威利宁(利巴韦林片),13,0
46,C-反应蛋白检验（CRP）,3,0
47,皇象铁力蓝天盐酸环丙沙星片(盐酸环丙沙星片),13,0
48,白山市长白山降脂宁颗粒(降脂宁颗粒),13,0
49,猕猴桃香蕉奶酪汁,7,0
50,心包积液,4,0
51,山西津华晖星盐酸吗啉胍片(盐酸吗啉胍片),13,0
52,尿道刺痒,4,0
53,支气管肺炎,9,0
54,上海现代阿奇霉素干混悬剂(阿奇霉素干混悬剂),13,0
55,番茄洋葱芹菜汁,7,0
56,隋静,4,0
57,心绞痛,4,0
58,猪肉(瘦),6,0
59,尼克美诺氟沙星胶囊(诺氟沙星胶囊),13,0
60,达那唑胶囊,2,0
61,益心酮片,5,0
62,千金保孕丸,12,0
63,凝集实验,3,0
64,辣椒(青、尖),8,0
65,安徽城市药业琥乙红霉素片(琥乙红霉素片),13,0
66,成都一药醋酸可的松片(醋酸可的松片),13,0
67,辛辣食物,8,0
68,妇产科,10,0
69,广西灵峰蛇胆川贝液(蛇胆川贝液),13,0
70,鸡肉鱼片枸杞豆腐汤,7,0
71,栗子（熟）,8,0
72,化毒丹,5,0
73,养血安神片,5,0
74,乐其中益肾灵颗粒(益肾灵颗粒),13,0
75,兰花药业诺氟沙星胶囊(诺氟沙星胶囊),13,0
76,南光注射用甲泼尼龙琥珀酸钠(注射用甲泼尼龙琥珀酸钠),13,0
77,仁和堂利巴韦林含片(利巴韦林含片),13,0
78,豆腐,6,0
79,鸭肉,6,0
80,对乙酰氨基酚栓,12,0
81,甲硝唑片,5,0
82,"抗神经元核抗体(Hu,Ri)",3,0
83,明水药业头孢氨苄甲氧苄啶片(头孢氨苄甲氧苄啶片),13,0
84,依科制药维生素B1片(维生素B1片),13,0
85,上海通用药业肝素钠维E乳膏(肝素钠维E乳膏),13,0
86,氧疗,11,0
87,太阳岛药业麝香壮骨膏(麝香壮骨膏),13,0
88,对症治疗,11,0
89,成都锦华土霉素片(土霉素片),13,0
90,胡萝卜苦瓜汁,7,0
91,通宣理肺丸,5,0
92,阿比多尔,2,0
93,赤小豆,8,0
94,依托红霉素片,2,0
95,子宫内膜炎,9,0
96,泛发性红色斑块,4,0
97,咯血,4,0
98,衣原体检查法,3,0
99,大株红景天胶囊,5,0
100,长春高新制药克拉霉素胶囊(克拉霉素胶囊),13,0
101,神经系统检查,3,0
102,菠菜虾米汤,7,0
103,黑龙江葵花药业小儿肺热咳喘(小儿肺热咳喘口服液),13,0
104,地塞米松,12,0
105,心包炎,4,0
106,颅脑CT检查,3,0
107,高血压,9,0
108,罗红霉素胶囊,5,0
109,信谊天平利巴韦林片(利巴韦林片),13,0
110,肾功能衰竭,4,0
111,干煸青椒苦瓜,7,0
112,三联征,4,0
113,石淋通颗粒,5,0
114,千金保孕丸,2,0
115,浙江普洛康川贝清肺糖浆(川贝清肺糖浆),13,0
116,匹多莫德颗粒剂,5,0
117,扫描电子显微镜,3,0
118,盐酸多西环素片,5,0
119,蘑菇木耳西兰花腐竹汤,7,0
120,试管凝集试验,3,0
121,血红蛋白尿,4,0
122,妊娠合并支原体感染,1,0
123,中成药,5,0
124,银力舒(头孢丙烯分散片),13,0
125,宋儿七鞭回春乐胶囊(七鞭回春乐胶囊),13,0
126,钼靶X线检查,3,0
127,芦笋胡萝卜汁,7,0
128,花生牛奶炖银耳,7,0
129,养阴清肺口服液,5,0
130,信谊醋酸泼尼松片(醋酸泼尼松片),13,0
131,脉搏细速,4,0
132,支原体肺炎,1,0
133,对乙酰氨基酚栓,2,0
134,氧分压,3,0
135,鸡蛋,6,0
136,气滞血瘀,4,0
137,绿豆南瓜汤,7,0
138,鸡冠白菜,7,0
139,山西云鹏制药羧甲司坦片(羧甲司坦片),13,0
140,江苏吴中医药阿比多尔片/胶囊(阿比多尔),13,0
141,免疫电泳,3,0
142,利君制药阿奇霉素分散片(阿奇霉素分散片),13,0
143,蛋花番茄面,7,0
144,激发试验,3,0
145,消化道出血,9,0
146,妊娠合并自身免疫性溶血性贫血,1,0
147,菜瓜,6,0
148,福邦药业阿奇霉素胶囊(阿奇霉素胶囊),13,0
149,参茸酒,5,0
150,Optochin敏感试验,3,0
151,旺林堂对乙酰氨基酚片(对乙酰氨基酚片),13,0
152,双蚁祛湿通络胶囊,12,0
153,奇灵药业麝香壮骨膏(麝香壮骨膏),13,0
154,心脏病,9,0
155,环孢素口服溶液,5,0
156,搏沃欣(头孢泊肟酯胶囊),13,0
157,慢性咽炎,9,0
158,重庆华邦制药注射用甲泼尼龙(注射用甲泼尼龙琥珀酸钠),13,0
159,亚宝力维(甲钴胺片),13,0
160,浙江家和琥乙红霉素片(琥乙红霉素片),13,0
161,乙酰麦迪霉素干混悬剂,5,0
162,体液免疫检测法,3,0
163,盐酸左氧氟沙星胶囊,2,0
164,气短,4,0
165,反复感染,4,0
166,成都第一复方四环素泼尼松膜(复方四环素泼尼松膜),13,0
167,外科,10,0
168,白云山光华达那唑胶囊(达那唑胶囊),13,0
169,龙虾,8,0
170,通脉颗粒,12,0
171,江西海尔思喷托维林氯化铵糖(喷托维林氯化铵糖浆),13,0
172,甘露聚糖肽胶囊,5,0
173,消食退热糖浆,5,0
174,河南全宇甘露聚糖肽口服溶液(甘露聚糖肽口服溶液),13,0
175,拌丝瓜,7,0
176,收缩期和舒张期杂音,4,0
177,生芦根粥,7,0
178,安诺药业阿奇霉素分散片(阿奇霉素分散片),13,0
179,河虾,8,0
180,痰液中分泌型IgE,3,0
181,扬子江药业黄芪精(黄芪精),13,0
182,心内膜炎,9,0
183,大连美罗硬脂酸红霉素片(硬脂酸红霉素片),13,0
184,羊肉汤面,7,0
185,正清制药利巴韦林片(利巴韦林片),13,0
186,协和制药血尿胶囊(血尿胶囊),13,0
187,再造生血片,5,0
188,金银花粥,7,0
189,银杏叶片,5,0
190,维奥制药克拉霉素胶囊(克拉霉素胶囊),13,0
191,阿奇霉素干混悬剂,5,0
192,有核红细胞,3,0
193,硬脂酸红霉素片,12,0
194,水果什锦奶羹,7,0
195,双蚁祛湿通络胶囊,2,0
196,大活络丸,5,0
197,肉片粥,7,0
198,扁桃体充血,4,0
199,肌痛,4,0
200,诺顿制药阿莫西林胶囊(阿莫西林胶囊),13,0
201,大冢制药盐酸氨溴索口服溶液(盐酸氨溴索口服溶液),13,0
202,核桃,8,0
203,肺含水量增加,4,0
204,紫菜猴头清汤,7,0
205,芹菜牛肉,7,0
206,超级影像,3,0
207,小儿热咳口服液,5,0
208,特普欣(盐酸头孢他美酯片),13,0
209,华润紫竹醋酸可的松片(醋酸可的松片),13,0
210,葵花药业利巴韦林颗粒(利巴韦林颗粒),13,0
211,林梅清盐酸多西环素胶囊(盐酸多西环素胶囊),13,0
212,豆泡油菜,7,0
213,耳、鼻、咽拭子细菌培养,3,0
214,山药南瓜粥,7,0
215,人民药业小儿肺咳颗粒(小儿肺咳颗粒),13,0
216,产后发热,4,0
217,通脉颗粒,2,0
218,旺龙药业琥乙红霉素颗粒(琥乙红霉素颗粒),13,0
219,三七活血丸,5,0
220,鲫鱼粥,7,0
221,面肥,8,0
222,痰液的一般性状检查,3,0
223,先奎莎(加替沙星片),13,0
224,反复发作右肺感染,4,0
225,杂粮粥,7,0
226,湖北东信阿昔洛韦乳膏(阿昔洛韦乳膏),13,0
227,泌尿生殖系滴虫病,1,0
228,盐酸左氧氟沙星胶囊,5,0
229,腱反射消失,4,0
230,明善堂清热消炎宁片(清热消炎宁片),13,0
231,锋替新(注射用盐酸头孢替安),13,0
232,硬脂酸红霉素片,2,0
233,儿童支气管镜检查,3,0
234,赤小豆鲤鱼汤,7,0
235,花生,6,0
236,茭白猪肉粥,7,0
237,海神同洲克拉霉素胶囊(克拉霉素胶囊),13,0
238,四川金山禅心硬脂酸红霉素片(硬脂酸红霉素片),13,0
239,成都菊乐硬脂酸红霉素片(硬脂酸红霉素片),13,0
240,血小板减少性紫癜,9,0
241,辅仁药业阿奇霉素片(阿奇霉素片),13,0
242,三鲜苦瓜汤,7,0
243,星昊医药甲钴胺片(甲钴胺片),13,0
244,信谊赖氨酸维B12颗粒(赖氨酸维B12颗粒),13,0
245,山西振东诺氟沙星胶囊(诺氟沙星胶囊),13,0
246,白菜姜葱汤,7,0
247,北京同仁堂天王补心丸(天王补心丸),13,0
248,素炒空心菜,7,0
249,盛辉药业麝香壮骨膏(麝香壮骨膏),13,0
250,信谊螺内酯片(螺内酯片),13,0
251,珍珠笋番茄蘑菇汤,7,0
252,感觉障碍,4,0
253,头孢氨苄胶囊,5,0
254,衣原体肺炎,1,0
255,大连药业克拉霉素胶囊(克拉霉素胶囊),13,0
256,尿道口有红斑和水肿,4,0
257,新乡恒久远利巴韦林片(利巴韦林片),13,0
258,升和药业乳酸左氧氟沙星分散(乳酸左氧氟沙星分散片),13,0
259,鹌鹑蛋烧油菜,7,0
260,发烧,4,0
261,达仁堂通宣理肺丸(通宣理肺丸),13,0
262,输卵管炎,9,0
263,益肾液,5,0
264,水果沙拉,7,0
265,变形杆菌肺炎,1,0
266,贝之佳羧甲淀粉钠溶液(羧甲淀粉钠溶液),13,0
267,腹痛,4,0
268,弥可保(甲钴胺片),13,0
269,蛇胆川贝液,5,0
270,肌阵挛,4,0
271,小儿干咳,4,0
272,肺纤维化,4,0
273,局部灼热,4,0
274,天天乐药业蛇胆川贝液(蛇胆川贝液),13,0
275,慢性肾炎,9,0
276,葵花药业得菲尔公司阿奇霉素(阿奇霉素胶囊),13,0
277,白菜烧海参,7,0
278,益肾灵颗粒,12,0
279,汉唐血尿胶囊(血尿胶囊),13,0
280,支持治疗,11,0
281,白菜蛋花粥,7,0
282,维生素B1片,12,0
283,逸舒制药羧甲司坦片(羧甲司坦片),13,0
284,芹菜炒蛋,7,0
285,牛奶大米饭,7,0
286,黑龙江百泰对乙酰氨基酚片(对乙酰氨基酚片),13,0
287,代谢性酸中毒,4,0
288,江西大自然十全大补酒(十全大补酒),13,0
289,苦菜粥,7,0
290,百合双耳鸡蛋羹,7,0
291,敬修堂天王补心丸(天王补心丸),13,0
292,酿豆腐,7,0
293,蛤蚧定喘丸,5,0
294,闫铁,4,0
295,氟康唑胶囊,5,0
296,冰镇甜橙水,7,0
297,脑积水,9,0
298,猩红热样皮疹,4,0
299,冬菇油菜心,7,0
300,头孢丙烯分散片,5,0
301,鸭肝,8,0
302,辛伐他汀片,5,0
303,癫痫,9,0
304,咽痛,4,0
305,福建闽东力捷迅硬脂酸红霉素(硬脂酸红霉素片),13,0
306,参茸卫生丸,5,0
307,康和螺内酯片(螺内酯片),13,0
308,归芪口服液,5,0
309,玉米须菊明茶,7,0
310,静脉炎,9,0
311,贝可(酒石酸托特罗定片),13,0
312,白菜小米卷,7,0
313,鹌鹑蛋,6,0
314,百合炖雪梨,7,0
315,华中药业甘露聚糖肽片(甘露聚糖肽片),13,0
316,西岳制药托西酸舒他西林胶囊(托西酸舒他西林胶囊),13,0
317,圣大（张家口）头孢氨苄甲氧(头孢氨苄甲氧苄啶片),13,0
318,构音障碍,4,0
319,颈静脉怒张,4,0
320,迪瑞制药琥乙红霉素颗粒(琥乙红霉素颗粒),13,0
321,猪肉冬瓜水饺,7,0
322,并发症治疗,11,0
323,广东环球制药对乙酰氨基酚片(对乙酰氨基酚片),13,0
324,安徽圣鹰琥乙红霉素片(琥乙红霉素片),13,0
325,湖南湘中安胎丸(安胎丸),13,0
326,寒战,4,0
327,变应性咳嗽,4,0
328,脓肿,4,0
329,冰糖,8,0
330,江西红星琥乙红霉素片(琥乙红霉素片),13,0
331,广东太安堂安胎丸(安胎丸),13,0
332,益肾灵颗粒,2,0
333,亨瑞达制药维生素B12片(维生素B12片),13,0
334,新达罗(头孢克洛颗粒),13,0
335,冬瓜小豆鲤鱼汤,7,0
336,鸡肉,8,0
337,心肌炎,9,0
338,甘肃益尔茯蒲洗液(茯蒲洗液),13,0
339,注射用磺苄西林钠(注射用磺苄西林钠),13,0
340,新红康(红霉素肠溶胶囊),13,0
341,维生素B1片,2,0
342,大连天宇制药克拉霉素胶囊(克拉霉素胶囊),13,0
343,广东九连山安胎丸(安胎丸),13,0
344,新春都诺氟沙星胶囊(诺氟沙星胶囊),13,0
345,排骨汤,7,0
346,逆行肾盂造影,3,0
347,流鼻涕,4,0
348,白云山医药诺氟沙星胶囊(诺氟沙星胶囊),13,0
349,注射用甲泼尼龙琥珀酸钠(制剂(注射用甲泼尼龙琥珀酸钠(制剂中间体)),13,0
350,天津金耀注射用甲泼尼龙琥珀(注射用甲泼尼龙琥珀酸钠),13,0
351,三文鱼饺,7,0
352,菠菜粥,7,0
353,花生仁（炸）,8,0
354,亚太药业螺内酯片(螺内酯片),13,0
355,皮肤科,10,0
356,广州迈特兴华达那唑胶囊(达那唑胶囊),13,0
357,鸡心,6,0
358,江西芙蓉蛇胆川贝液(蛇胆川贝液),13,0
359,尤金(甲泼尼龙片),13,0
360,河北恒祥扁鹊制药安胎丸(安胎丸),13,0
361,注射用盐酸头孢替安,5,0
362,皮内试验,3,0
363,血尿,9,0
364,奇莫欣(胸腺肽肠溶片),13,0
365,猪脑,8,0
366,山东仁和堂利巴韦林含片(利巴韦林含片),13,0
367,角膜炎,4,0
368,亚宝药业养血安神片(养血安神片),13,0
369,肺气肿,9,0
370,四川国瑞琥乙红霉素片(琥乙红霉素片),13,0
371,生滚草鱼肠粥,7,0
372,心力衰竭,9,0
373,腰背酸痛,4,0
374,荞麦粥,7,0
375,腰膝酸软,4,0
376,鸭肉,8,0
377,白云山三味清热止痒洗剂(三味清热止痒洗剂),13,0
378,白云山医药对乙酰氨基酚片(对乙酰氨基酚片),13,0
379,白云山光华头孢氨苄甲氧苄啶(头孢氨苄甲氧苄啶片),13,0
380,青霉素等抗生素药物治疗,11,0
381,鲁神乙酰螺旋霉素片(乙酰螺旋霉素片),13,0
382,吞咽困难,4,0
383,冷凝集试验,3,0
384,天煌制药胎宝胶囊(胎宝胶囊),13,0
385,哈药诺捷阿奇霉素分散片(阿奇霉素分散片),13,0
386,心动过速,4,0
387,菜花泥子汤,7,0
388,排尿不畅,4,0
389,低钠血症,9,0
390,硬化,4,0
391,血清免疫球蛋白测定,3,0
392,注射用甲泼尼龙琥珀酸钠,5,0
393,江西大自然参茸酒(参茸酒),13,0
394,平光制药红霉素肠溶片(红霉素肠溶片),13,0
395,支气管肺炎,1,0
396,阿昔洛韦缓释片,5,0
397,柠檬色痰,4,0
398,小儿珍贝散,5,0
399,广东万年青健儿清解液(健儿清解液),13,0
400,红霉素肠溶片,5,0
401,小儿发烧后身上起红点,4,0
402,海南海力小儿咳喘灵颗粒(小儿咳喘灵颗粒),13,0
403,湿啰音,4,0
404,山西华康小儿咳喘灵颗粒(小儿咳喘灵颗粒),13,0
405,华润三九小儿咳喘灵颗粒(小儿咳喘灵颗粒),13,0
406,肺结核,9,0
407,甘肃成纪生物盐酸金刚烷胺糖(盐酸金刚烷胺糖浆),13,0
408,吉林中研三七活血丸(三七活血丸),13,0
409,洋葱,8,0
410,太极集团小儿止咳糖浆(小儿止咳糖浆),13,0
411,红桃蜜,7,0
412,呼吸科,10,0
413,太极集团益心酮片(益心酮片),13,0
414,药物对症治疗为主，早期可能需要激素治疗,11,0
415,瑞德西韦,5,0
416,木耳鸭肝烩,7,0
417,心包积液,9,0
418,振东泰盛注射用头孢唑肟钠(注射用头孢唑肟钠),13,0
419,结节,4,0
420,血液检查,3,0
421,儿科综合,10,0
422,南光化学注射用甲泼尼龙琥珀(注射用甲泼尼龙琥珀酸钠),13,0
423,遂成药业诺氟沙星胶囊(诺氟沙星胶囊),13,0
424,北京曙光羧甲司坦片(羧甲司坦片),13,0
425,仁和药业对乙酰氨基酚片(对乙酰氨基酚片),13,0
426,胰蛋白酶,3,0
427,云南曲靖清肺抑火片(清肺抑火片),13,0
428,万通药业（梅河）小儿消咳片(小儿消咳片),13,0
429,大连天宇硬脂酸红霉素片(硬脂酸红霉素片),13,0
430,萝卜豆腐汤,7,0
431,天津力生制药氨咖甘片(氨咖甘片),13,0
432,湖北盛通雪梨膏(雪梨膏),13,0
433,一正药业天麻胶囊(天麻胶囊),13,0
434,江西诚志永丰蛇胆川贝液(蛇胆川贝液),13,0
435,武汉生物抗人T细胞猪免疫球(抗人T细胞猪免疫球蛋白),13,0
436,T4/T8比值,3,0
437,新生儿手足徐动,4,0
438,面色苍白,4,0
439,百合薏米绿豆粥,7,0
440,固本回元口服液,5,0
441,莲子,6,0
442,葵花子仁,6,0
443,心包纤维增厚,4,0
444,恒泰制药小儿咳喘灵颗粒(小儿咳喘灵颗粒),13,0
445,发热,4,0
446,氧氟沙星片,5,0
447,陕西京西醋酸可的松片(醋酸可的松片),13,0
448,静息显像,3,0
449,泛细支气管炎,1,0
450,痰液性状,3,0
451,浙江大德胚宝胶囊(胚宝胶囊),13,0
452,鼻出血,4,0
453,茯蒲洗液,5,0
454,纤毛上皮细胞损伤脱落,4,0
455,急支糖浆,5,0
456,尿内出现蛋白及管型,4,0
457,苹果甘蔗番茄汁,7,0
458,川贝炖雪梨,7,0
459,咳嗽,4,0
460,肾病类尿常规,3,0
461,南瓜粥,7,0
462,太极集团急支糖浆(急支糖浆),13,0
463,抗感染及止咳平喘等对症及支持治疗,11,0
464,海蟹,8,0
465,白细胞分类计数,3,0
466,石药集团阿比多尔片/胶囊(阿比多尔),13,0
467,克拉霉素胶囊,5,0
468,赣南制药喷托维林氯化铵糖浆(喷托维林氯化铵糖浆),13,0
469,肾功能衰竭,9,0
470,龟芪壮骨颗粒,5,0
471,血压下降,4,0
472,卫生材料药业麝香壮骨膏(麝香壮骨膏),13,0
473,通化兴华苯妥英钠片(苯妥英钠片),13,0
474,肺泡炎症,4,0
475,肺泡气-动脉血氧分压差,3,0
476,山药枸杞粥,7,0
477,麝香壮骨膏,5,0
478,急性特发性心包炎,1,0
479,康美药业诺氟沙星胶囊(诺氟沙星胶囊),13,0
480,健生制药对乙酰氨基酚片(对乙酰氨基酚片),13,0
481,罗红霉素分散片,12,0
482,东方龙大活络丸(大活络丸),13,0
483,干咳,4,0
484,冬瓜粒杂锦汤,7,0
485,胡萝卜苹果汁,7,0
486,小儿咳喘灵口服液,5,0
487,鸡蛋松,7,0
488,尿痛,4,0
489,珊瑚白菜墩,7,0
490,肾功能检查,3,0
491,台城制药对乙酰氨基酚片(对乙酰氨基酚片),13,0
492,颐生堂诺氟沙星胶囊(诺氟沙星胶囊),13,0
493,自身免疫性溶血性贫血,1,0
494,彼迪药业阿奇霉素分散片(阿奇霉素分散片),13,0
495,喷托维林氯化铵糖浆,12,0
496,锦州本天盐酸金刚烷胺糖浆(盐酸金刚烷胺糖浆),13,0
497,重组人粒细胞刺激因子注射液,5,0
498,盐酸环丙沙星片,5,0
499,痰液病原体检查,3,0
500,牛奶麦片蜜枣粥,7,0
501,成都天台山制药诺氟沙星胶囊(诺氟沙星胶囊),13,0
502,五子衍宗丸,5,0
503,血液科,10,0
504,白果（鲜）,6,0
505,淋巴结肿大,4,0
506,香椿炒鸡蛋,7,0
507,盛翔制药蛇胆川贝液(蛇胆川贝液),13,0
508,腺苷钴胺片,5,0
509,化脓性关节炎,9,0
510,河南新谊药业芪参胶囊(芪参胶囊),13,0
511,清热消炎宁片,12,0
512,小儿支气管扩张,9,0
513,细菌性肺炎,1,0
514,金耀药业注射用甲泼尼龙琥珀(注射用甲泼尼龙琥珀酸钠),13,0
515,鱼烧豆腐,7,0
516,孕妇小腹痛,4,0
517,小儿消咳片,5,0
518,玉米须粥,7,0
519,肺炎衣原体感染,1,0
520,国药集团地塞米松片/注射液(地塞米松),13,0
521,骶髂关节炎,9,0
522,支气管哮喘,9,0
523,黑芝麻,6,0
524,鼠疫样皮损,4,0
525,琥乙红霉素片,12,0
526,国瑞琥乙红霉素片(琥乙红霉素片),13,0
527,大连天宇阿奇霉素干混悬剂(阿奇霉素干混悬剂),13,0
528,罗红霉素分散片,2,0
529,天津力生制药硫酸沙丁胺醇片(硫酸沙丁胺醇片),13,0
530,低血压,9,0
531,门冬氨酸钙口服溶液,5,0
532,稽留热,4,0
533,复方苁蓉补肾合剂,5,0
534,肺实变,4,0
535,动态心电图（Holter监测）,3,0
536,克隆雷克拉霉素分散片(克拉霉素分散片),13,0
537,对乙酰氨基酚片,12,0
538,头晕,4,0
539,素炒菠菜,7,0
540,夜间盗汗,4,0
541,广东南国盐酸吗啉胍片(盐酸吗啉胍片),13,0
542,芹菜,6,0
543,羚锐卫生麝香壮骨膏(麝香壮骨膏),13,0
544,万通消糜栓(消糜栓),13,0
545,皮肤性病科,10,0
546,食欲减退,4,0
547,罗汉果止咳糖浆,5,0
548,脱氧核苷酸钠注射液,5,0
549,成都利尔甘露聚糖肽口服溶液(甘露聚糖肽口服溶液),13,0
550,腹痛伴休克,4,0
551,头孢氨苄甲氧苄啶片,2,0
552,山东仁和利巴韦林颗粒(利巴韦林颗粒),13,0
553,清热消炎宁片,2,0
554,意识模糊,4,0
555,替硝唑胶囊,5,0
556,海王福药阿莫西林胶囊(阿莫西林胶囊),13,0
557,肺部感染,4,0
558,荔枝山药粥,7,0
559,亨瑞达制药利巴韦林含片(利巴韦林含片),13,0
560,君维清(阿奇霉素分散片),13,0
561,贵州飞云岭甲硝唑片(甲硝唑片),13,0
562,化学性支气管炎,4,0
563,Q热,1,0
564,黄芪精,5,0
565,苦瓜猪瘦肉汤,7,0
566,双唑泰泡腾片,5,0
567,产后泌尿道感染,1,0
568,产后全身酸痛,4,0
569,嗳气,4,0
570,天强制药炎立消胶囊(炎立消胶囊),13,0
571,琥乙红霉素片,2,0
572,直接涂片检查,3,0
573,枸杞子牛肝汤,7,0
574,羧甲司坦片,2,0
575,必理通(对乙酰氨基酚片),13,0
576,浙江亚东制药阿莫西林胶囊(阿莫西林胶囊),13,0
577,浙江京新琥乙红霉素片(琥乙红霉素片),13,0
578,时蔬小豆腐,7,0
579,综合治疗,11,0
580,药物治疗,11,0
581,珊瑚白菜,7,0
582,肺炎支原体寒冷凝集试验,3,0
583,鼻翼扇动,4,0
584,狗肉,8,0
585,恶性胸水,4,0
586,对乙酰氨基酚片,2,0
587,民济药业小儿珍贝散(小儿珍贝散),13,0
588,非特异性间质肺炎,1,0
589,腐竹,8,0
590,利巴韦林片,12,0
591,心音低钝,4,0
592,杭州老桐君小儿咳喘灵口服液(小儿咳喘灵口服液),13,0
593,德康制药清热消炎宁片(清热消炎宁片),13,0
594,上海新亚头孢克肟分散片(头孢克肟分散片),13,0
595,阿斯卡(门冬氨酸钙口服溶液),13,0
596,盗汗,4,0
597,阿奇霉素分散片,12,0
598,小儿咳喘灵颗粒,5,0
599,咳铁锈色痰,4,0
600,江米酒,8,0
601,党参百合粥,7,0
602,膀胱镜,3,0
603,信谊布地奈德气雾剂(布地奈德气雾剂),13,0
604,胸部MRI,3,0
605,香炖羊肉,7,0
606,云南云河清肺抑火片(清肺抑火片),13,0
607,河南辅仁堂替硝唑阴道泡腾片(替硝唑阴道泡腾片),13,0
608,发热伴寒战,4,0
609,花生杏仁粥,7,0
610,流泪,4,0
611,禾邦阳光八珍颗粒(八珍颗粒),13,0
612,气道过敏试验,3,0
613,罗欣药业注射用盐酸头孢替安(注射用盐酸头孢替安),13,0
614,江苏联环罗红霉素胶囊(罗红霉素胶囊),13,0
615,聚甲酚磺醛阴道栓,5,0
616,南瓜,6,0
617,尿液氨水味,4,0
618,多器官功能衰竭,9,0
619,川抗环孢素口服溶液(环孢素口服溶液),13,0
620,头孢拉定胶囊,5,0
621,代超,4,0
622,江西赣南喷托维林氯化铵糖浆(喷托维林氯化铵糖浆),13,0
623,上海卫材关节止痛膏(关节止痛膏),13,0
624,呼吸内科,10,0
625,头孢氨苄甲氧苄啶片,5,0
626,瑞年前进制药螺内酯片(螺内酯片),13,0
627,鼎炉八宝丹胶囊(八宝丹胶囊),13,0
628,占思乔,4,0
629,鲜竹沥,5,0
630,嗜酸性粒细胞增多,4,0
631,尿中寄生虫检查,3,0
632,东信药业蛇胆川贝液(蛇胆川贝液),13,0
633,血氧饱和度检测,3,0
634,胸部疾病体征检查,3,0
635,抗菌药物治疗,11,0
636,抗红细胞抗体,3,0
637,康缘药业金振口服液(金振口服液),13,0
638,蘑菇木耳饺,7,0
639,香蕉豆沙酸奶汁,7,0
640,云南东方红清肺抑火片(清肺抑火片),13,0
641,尿流中断,4,0
642,利巴韦林片,2,0
643,遂成药业阿昔洛韦乳膏(阿昔洛韦乳膏),13,0
644,头孢拉定分散片,5,0
645,黄芪粥,7,0
646,华西制药血尿胶囊(血尿胶囊),13,0
647,肾盂肾炎,9,0
648,克拉霉素分散片,5,0
649,嗜中性杆状粒细胞数,3,0
650,古田药业诺氟沙星胶囊(诺氟沙星胶囊),13,0
651,油腻食物,8,0
652,淡菜板豆腐白菜汤,7,0
653,云鹏呋喃唑酮片(呋喃唑酮片),13,0
654,华北制药对乙酰氨基酚栓(对乙酰氨基酚栓),13,0
655,山西普德银杏达莫注射液(银杏达莫注射液),13,0
656,黏膜损害,4,0
657,多形红斑,1,0
658,胡萝卜,6,0
659,羧甲司坦片,5,0
660,黄疸,9,0
661,绿豆,6,0
662,盐酸美他环素片,5,0
663,全星制药乳酸左氧氟沙星分散(乳酸左氧氟沙星分散片),13,0
664,痰培养+药敏试验,3,0
665,膀胱刺激征,4,0
666,希舒美(阿奇霉素片),13,0
667,陕西渭南华仁硬脂酸红霉素片(硬脂酸红霉素片),13,0
668,心包膜发炎,4,0
669,支原体检查法,3,0
670,亚太药业克拉霉素胶囊(克拉霉素胶囊),13,0
671,双蚁药业双蚁祛湿通络胶囊(双蚁祛湿通络胶囊),13,0
672,亮博(头孢泊肟酯胶囊),13,0
673,腹泻,4,0
674,绿菜花竹笋,7,0
675,麦芽糖,8,0
676,香蕉葡萄干牛奶,7,0
677,盐酸氨溴索片,5,0
678,闫鹏辉,4,0
679,常州制药氢氯噻嗪片(氢氯噻嗪片),13,0
680,花生芝麻糊,7,0
681,安徽江中高邦阿昔洛韦乳膏(阿昔洛韦乳膏),13,0
682,三乙醇胺乳膏,12,0
683,连翘败毒片,5,0
684,痰及下呼吸道分泌物标本的细菌学检验,3,0
685,羊肉粥,7,0
686,江苏长江阿奇霉素胶囊(阿奇霉素胶囊),13,0
687,小米龙眼粥,7,0
688,湖南迪诺阿奇霉素干混悬剂(阿奇霉素干混悬剂),13,0
689,白果莲子粥,7,0
690,菜煎饼,7,0
691,八宝丹胶囊,5,0
692,胸闷,4,0
693,急性气管支气管炎,1,0
694,鸽蛋,6,0
695,方舟制药氨咖甘片(氨咖甘片),13,0
696,谱乐益(匹多莫德颗粒剂),13,0
697,广州一品红复方桔梗止咳片(复方桔梗止咳片),13,0
698,川贝雪梨粥,7,0
699,江苏鹏鹞盐酸吗啉胍片(盐酸吗啉胍片),13,0
700,流涎,4,0
701,便常规,3,0
702,甘露聚糖肽片,5,0
703,油菜,6,0
704,心内科,10,0
705,腹痛伴恶心、呕吐,4,0
706,悦康凯悦阿莫西林胶囊(阿莫西林胶囊),13,0
707,金太阳生化氯霉素片(氯霉素片),13,0
708,浙江南洋药业阿奇霉素胶囊(阿奇霉素胶囊),13,0
709,阿昔洛韦乳膏,5,0
710,补体结合试验,3,0
711,华润紫竹药业达那唑胶囊(达那唑胶囊),13,0
712,美大康利巴韦林片(利巴韦林片),13,0
713,广东华南羧甲司坦片(羧甲司坦片),13,0
714,烟台中亚安胎丸(安胎丸),13,0
715,黄山天目首乌延寿片(首乌延寿片),13,0
716,南新盐酸环丙沙星片(盐酸环丙沙星片),13,0
717,胸腔积液微生物学检查,3,0
718,鸡蛋炒面,7,0
719,苦瓜,6,0
720,依托红霉素混悬液,5,0
721,炒丝瓜,7,0
722,盐酸头孢他美酯干混悬剂,5,0
723,老人剧烈咳嗽,4,0
724,丝瓜汤,7,0
725,台山化学制药硬脂酸红霉素片(硬脂酸红霉素片),13,0
726,钝痛,4,0
727,白云山医诺氟沙星胶囊(诺氟沙星胶囊),13,0
728,利君制药红霉素肠溶片(红霉素肠溶片),13,0
729,艾韦达(阿昔洛韦缓释片),13,0
730,美卓乐(甲泼尼龙片),13,0
731,血凝试验,3,0
732,三乙醇胺乳膏,2,0
733,头孢克肟颗粒,5,0
734,雪梨黄瓜粥,7,0
735,仁和堂羧甲司坦片(羧甲司坦片),13,0
736,广东华天宝安胎丸(安胎丸),13,0
737,腺病毒性肺炎,1,0
738,生菜香菇,7,0
739,鸡蛋木耳粥,7,0
740,西芹油菜牛奶汁,7,0
741,广州白云山光华硬脂酸红霉素(硬脂酸红霉素片),13,0
742,手的歪扭畸形,4,0
743,小儿咳喘灵颗粒(小儿咳喘灵颗粒),13,0
744,阿奇霉素片,12,0
745,广东逢春安胎丸(安胎丸),13,0
746,脓胸,4,0
747,葵花子仁,8,0
748,西安利君醋酸可的松片(醋酸可的松片),13,0
749,巨细胞动脉炎和风湿性多肌痛,1,0
750,成都一药复方四环素泼尼松膜(复方四环素泼尼松膜),13,0
751,柏子仁鸡心,7,0
752,铁锈色痰,4,0
753,复方桔梗止咳片,5,0
754,上海上药丹参酮ⅡA磺酸钠注(丹参酮ⅡA磺酸钠注射液),13,0
755,北京赛升脱氧核苷酸钠注射液(脱氧核苷酸钠注射液),13,0
756,白菜,6,0
757,鸭翅,6,0
758,绿豆奶粥,7,0
759,盐酸金刚烷胺糖浆,12,0
760,延安药业诺氟沙星胶囊(诺氟沙星胶囊),13,0
761,鸡肉白薯粥,7,0
762,龙牡小儿咳喘灵颗粒(小儿咳喘灵颗粒),13,0
763,昏迷,4,0
764,海虾,8,0
765,硝呋太尔阴道片,5,0
766,青豆,8,0
767,丹参片,5,0
768,布氏菌肺炎,1,0
769,中医治疗,11,0
770,治咳枇杷露,5,0
771,利巴韦林分散片,5,0
772,驻站医,4,0
773,肺炎,1,0
774,急性心包炎,1,0
775,啤酒,8,0
776,衡山药业螺内酯片(螺内酯片),13,0
777,重庆华邦注射用甲泼尼龙琥珀(注射用甲泼尼龙琥珀酸钠),13,0
778,紫竹爱维(替勃龙片),13,0
779,遂成药业替硝唑胶囊(替硝唑胶囊),13,0
780,福建古田诺氟沙星胶囊(诺氟沙星胶囊),13,0
781,鲁抗赛特阿奇霉素片(阿奇霉素片),13,0
782,利巴韦林颗粒,5,0
783,小儿鼻塞,4,0
784,胸部透视,3,0
785,湖北东信琥乙红霉素片(琥乙红霉素片),13,0
786,鸭血(白鸭),6,0
787,番茄黄瓜汁,7,0
788,石药集团盐酸金刚烷胺糖浆(盐酸金刚烷胺糖浆),13,0
789,呼吸音减弱,4,0
790,苏之(辛伐他汀片),13,0
791,香菇烧油菜,7,0
792,氯霉素片,12,0
793,氨苄西林胶囊,5,0
794,湖北潜江利巴韦林含片(利巴韦林含片),13,0
795,众生固肾合剂(固肾合剂),13,0
796,四川好医生诺氟沙星胶囊(诺氟沙星胶囊),13,0
797,番茄菠萝汁,7,0
798,瘦肉,6,0
799,通天河青鹏膏剂(青鹏膏剂),13,0
800,绝经与心血管疾病,1,0
801,修正药业消炎片(消炎片),13,0
802,肝功能衰竭,4,0
803,联邦左福康盐酸左氧氟沙星胶(盐酸左氧氟沙星胶囊),13,0
804,白扁豆,6,0
805,呼吸衰竭,9,0
806,八珍豆腐盒,7,0
807,葵花药业依托红霉素颗粒(依托红霉素颗粒),13,0
808,小儿内科,10,0
809,太宝制药天王补心丸(天王补心丸),13,0
810,正和复方桔梗止咳片(复方桔梗止咳片),13,0
811,盐酸金刚烷胺糖浆,2,0
812,螃蟹,8,0
813,伊贝特单硝酸异山梨酯胶囊(单硝酸异山梨酯胶囊),13,0
814,少尿,4,0
815,芦笋汁,7,0
816,鼻窦炎,9,0
817,红霉素肠溶胶囊,5,0
818,凉拌木耳菜,7,0
819,康裕头孢氨苄胶囊(头孢氨苄胶囊),13,0
820,赖氨酸维B12颗粒,5,0
821,葵花药业得菲尔公司利巴韦林(利巴韦林颗粒),13,0
822,华圣爱诺药业苯妥英钠片(苯妥英钠片),13,0
823,胡萝卜炒猪肝,7,0
824,依托红霉素颗粒,5,0
825,北京京丰诺氟沙星胶囊(诺氟沙星胶囊),13,0
826,苹果雪梨生鱼汤,7,0
827,草鱼豆腐,7,0
828,鲜芦根粥,7,0
829,玻璃白菜汤,7,0
830,头孢泊肟酯胶囊,12,0
831,鼻中隔穿孔,4,0
832,小儿解表止咳口服液,5,0
833,小儿肺热平胶囊,12,0
834,北京首儿依托红霉素颗粒(依托红霉素颗粒),13,0
835,苹果沙拉,7,0
836,爱普森药业阿奇霉素片(阿奇霉素片),13,0
837,咽喉部充血,4,0
838,十全大补膏,5,0
839,抽搐,4,0
840,低热,4,0
841,冠状动脉造影,3,0
842,鹦鹉热衣原体肺炎,1,0
843,荔枝粥,7,0
844,果汁豆腐,7,0
845,胸腔积液,4,0
846,吉林敖东大连克拉霉素胶囊(克拉霉素胶囊),13,0
847,肺炎衣原体肺炎,1,0
848,小儿止咳糖浆,12,0
849,广东华南琥乙红霉素片(琥乙红霉素片),13,0
850,白扁豆粳米粥,7,0
851,肺不张,4,0
852,颅内出血,4,0
853,小肠结肠炎耶尔森菌肺炎,1,0
854,菌血症,4,0
855,消炎片,5,0
856,苯妥英钠片,12,0
857,尿沉渣,3,0
858,头孢呋辛酯干混悬剂,5,0
859,抗之霸诺氟沙星胶囊(诺氟沙星胶囊),13,0
860,沈阳康芝盐酸金刚烷胺糖浆(盐酸金刚烷胺糖浆),13,0
861,丹参酮ⅡA磺酸钠注射液,5,0
862,广西广明制药养血安神片(养血安神片),13,0
863,肺部啰音,4,0
864,固肾合剂,5,0
865,红白豆腐羹,7,0
866,早晨上下眼睑粘连,4,0
867,胸骨后疼痛,4,0
868,江西盛翔蛇胆川贝液(蛇胆川贝液),13,0
869,猪肺粥,7,0
870,阴道分泌物检查,3,0
871,痰多,4,0
872,气胸,4,0
873,补肾斑龙片,5,0
874,北京中新药业琥乙红霉素片(琥乙红霉素片),13,0
875,还少丹,5,0
876,紫菜豆腐肉片汤,7,0
877,骨膜炎,4,0
878,上海迪冉依托红霉素颗粒(依托红霉素颗粒),13,0
879,甲泼尼龙片,5,0
880,华润天和关节止痛膏(关节止痛膏),13,0
881,银耳薏米羹,7,0
882,诺氟沙星胶囊,12,0
883,血沉增快,4,0
884,川贝清肺糖浆,5,0
885,小儿肺不张,9,0
886,海力制药小儿咳喘灵颗粒(小儿咳喘灵颗粒),13,0
887,金振口服液,5,0
888,江苏正大丰海盐酸多西环素片(盐酸多西环素片),13,0
889,猪肉青菜粥,7,0
890,桃仁粥,7,0
891,连花清瘟胶囊(中成药),13,0
892,颅脑MRI检查,3,0
893,血支原体抗体测定,3,0
894,哈密瓜香蕉汁,7,0
895,肺炎支原体补体结合试验,3,0
896,信谊醋酸可的松片(醋酸可的松片),13,0
897,土豆泥牛奶粥,7,0
898,生烧草鱼豆腐,7,0
899,纯红细胞再生障碍,1,0
900,百合熟地鸡蛋汤,7,0
901,星斗药业维生素B1片(维生素B1片),13,0
902,倍沙(罗红霉素分散片),13,0
903,小儿止咳糖浆,2,0
904,辽宁天铖磷霉素钙甲氧苄啶胶(磷霉素钙甲氧苄啶胶囊),13,0
905,甲硝唑乳膏,12,0
906,头孢克洛颗粒,12,0
907,上海信谊地塞米松片/注射液(地塞米松),13,0
908,华佗华佗国药天麻胶囊(天麻胶囊),13,0
909,苯妥英钠片,2,0
910,香蕉蜂蜜奶,7,0
911,清炒木耳菜,7,0
912,辽宁富东阿奇霉素分散片(阿奇霉素分散片),13,0
913,拌生菜,7,0
914,湘江利巴韦林颗粒(利巴韦林颗粒),13,0
915,塞克硝唑胶囊,5,0
916,达那唑胶囊,5,0
917,玉米豌豆羹,7,0
918,腐竹白果粥,7,0
919,菠菜洋葱牛奶羹,7,0
920,康缘大株红景天胶囊(大株红景天胶囊),13,0
921,牛奶菠菜粥,7,0
922,海南康芝利巴韦林颗粒(利巴韦林颗粒),13,0
923,欧意诺氟沙星胶囊(诺氟沙星胶囊),13,0
924,白菜红枣牛腩汤,7,0
925,御大夫通脉颗粒(通脉颗粒),13,0
926,不动杆菌肺炎,1,0
927,地塞米松,2,0
928,山西云鹏土霉素片(土霉素片),13,0
929,江波制药盐酸环丙沙星片(盐酸环丙沙星片),13,0
930,急性播散性脑脊髓炎,1,0
931,安胎丸,12,0
932,扬州艾迪制药琥乙红霉素片(琥乙红霉素片),13,0
933,新冠肺炎,1,0
934,松子仁,6,0
935,肝炎,9,0
936,诺氟沙星胶囊,2,0
937,沈阳东新硬脂酸红霉素片(硬脂酸红霉素片),13,0
938,临汾健民苯妥英钠片(苯妥英钠片),13,0
939,俞氏乳酸左氧氟沙星片(乳酸左氧氟沙星片),13,0
940,心肌梗死,4,0
941,表皮葡萄球菌肺炎,1,0
942,广西邦琪安胎益母丸(安胎益母丸),13,0
943,郝其军复方皂矾丸(复方皂矾丸),13,0
944,茄汁芦笋,7,0
945,直接抗人球蛋白试验,3,0
946,桂林中族中药三蛇胆川贝糖浆(三蛇胆川贝糖浆),13,0
947,玉米须车前饮,7,0
948,三味清热止痒洗剂,5,0
949,喉痒咳嗽,4,0
950,花城龙胆泻肝丸(龙胆泻肝丸),13,0
951,阿比多尔,5,0
952,胸痛伴呼吸困难,4,0
953,汾河制药苯妥英钠片(苯妥英钠片),13,0
954,依托红霉素片,5,0
955,白云山制药总厂羧甲司坦片(羧甲司坦片),13,0
956,瘙痒,4,0
957,小儿原发性纤毛运动障碍,1,0
958,炸肉馅白菜盒,7,0
959,美欧卡(乙酰麦迪霉素干混悬剂),13,0
960,大白菜饺,7,0
961,头孢克洛颗粒,2,0
962,百合粥,7,0
963,冬瓜粥,7,0
964,麦迪霉素片,5,0
965,每分钟最大通气量（MVV）,3,0
966,东信药业琥乙红霉素颗粒(琥乙红霉素颗粒),13,0
967,畏寒,4,0
968,遂成药业醋酸泼尼松片(醋酸泼尼松片),13,0
969,天津太平洋醋酸泼尼松片(醋酸泼尼松片),13,0
970,毒血症,4,0
971,千金保孕丸,5,0
972,疲劳,4,0
973,宜昌长江阿奇霉素分散片(阿奇霉素分散片),13,0
974,清肺抑火片,5,0
975,香菇薏米饭,7,0
976,当归片,12,0
977,咳泡沫黏液痰,4,0
978,木瓜胡萝卜玉米粥,7,0
979,四川广元蓉成小儿解表止咳口(小儿解表止咳口服液),13,0
980,申优(头孢拉定分散片),13,0
981,小儿消积止咳口服液,5,0
982,吉林东丰硬脂酸红霉素片(硬脂酸红霉素片),13,0
983,甜杏仁猪肺汤,7,0
984,核桃仁豌豆羹,7,0
985,黄瓜拌绿豆芽,7,0
986,世贸天阶江苏螺内酯片(螺内酯片),13,0
987,绿豆,8,0
988,安胎丸,2,0
989,素炒黄花菜,7,0
990,糖尿,4,0
991,胆囊炎,9,0
992,斑疹,4,0
993,好医生诺氟沙星胶囊(诺氟沙星胶囊),13,0
994,江苏亚邦生缘盐酸金刚烷胺糖(盐酸金刚烷胺糖浆),13,0
995,对乙酰氨基酚栓,5,0
996,妇炎灵栓,5,0
997,丹生氨肽素片(氨肽素片),13,0
998,重庆迪康长江复方四环素泼尼(复方四环素泼尼松膜),13,0
999,川贝枇杷糖浆,12,0
1000,尿隐血,3,0
1001,冰糖燕窝,7,0
1002,肌电图,3,0
1003,扁豆小米粥,7,0
1004,蜂蜜,6,0
1005,油豆腐油菜,7,0
1006,鲁抗阿莫西林颗粒(阿莫西林颗粒),13,0
1007,匹多莫德口服溶液,5,0
1008,浙江康恩贝盐酸金刚烷胺糖浆(盐酸金刚烷胺糖浆),13,0
1009,智力低下,9,0
1010,佳乐弗乳酸左氧氟沙星片(乳酸左氧氟沙星片),13,0
1011,理舒达(辛伐他汀胶囊),13,0
1012,酸奶,6,0
1013,不自主运动,4,0
1014,海南慧谷利巴韦林颗粒(利巴韦林颗粒),13,0
1015,醋酸泼尼松片(醋酸泼尼松片),13,0
1016,盐酸米诺环素胶囊,5,0
1017,派维赖氨酸维B12颗粒(赖氨酸维B12颗粒),13,0
1018,大环类脂类、皮质激素、针对常见感染病原菌的抗生素治疗、氧疗、机械通气以及对症支持治疗,11,0
1019,地塞米松,5,0
1020,八珍颗粒,5,0
1021,心律失常,4,0
1022,华北制药地塞米松片/注射液(地塞米松),13,0
1023,老年人终末期肺炎,1,0
1024,河北龙海药业维生素B1片(维生素B1片),13,0
1025,苯妥英钠片(苯妥英钠片),13,0
1026,特安呐丹参益心胶囊(丹参益心胶囊),13,0
1027,成都锦华四环素片(四环素片),13,0
1028,抗链球菌型M蛋白抗体,3,0
1029,养阴清肺丸,5,0
1030,言克欣苦参软膏(苦参软膏),13,0
1031,上海通用药业醋酸可的松注射(醋酸可的松注射液),13,0
1032,复方皂矾丸,12,0
1033,十三味红花丸,5,0
1034,田螺,8,0
1035,现代制药对乙酰氨基酚栓(对乙酰氨基酚栓),13,0
1036,小米蛋奶粥,7,0
1037,纤毛结构缺陷,4,0
1038,当归片,2,0
1039,天津同仁堂麝香壮骨膏(麝香壮骨膏),13,0
1040,雷氏丹参片(丹参片),13,0
1041,炸鸭肝两样,7,0
1042,芙露饮(匹多莫德口服溶液),13,0
1043,乳酸左氧氟沙星片,12,0
1044,康尼(盐酸米诺环素胶囊),13,0
1045,鱼腥草,8,0
1046,利君沙(琥乙红霉素片),13,0
1047,小白菜猪肉饺,7,0
1048,土霉素片,5,0
1049,氢氯噻嗪片,12,0
1050,贵州安康安胎丸(安胎丸),13,0
1051,皮肤真菌镜检,3,0
1052,小儿慢性支气管炎,1,0
1053,胀痛,4,0
1054,仁和制药利巴韦林颗粒(利巴韦林颗粒),13,0
1055,烫空心菜,7,0
1056,尿毒症肺炎,1,0
1057,川贝枇杷糖浆,2,0
1058,脑脊液细菌培养,3,0
1059,血常规,3,0
1060,丽珠奇乐(阿奇霉素分散片),13,0
1061,羊肉烩面,7,0
1062,彼迪药业托西酸舒他西林胶囊(托西酸舒他西林胶囊),13,0
1063,济安堂蛇胆川贝液(蛇胆川贝液),13,0
1064,人福成田药业对乙酰氨基酚栓(对乙酰氨基酚栓),13,0
1065,纽兰药业小儿咳喘灵颗粒(小儿咳喘灵颗粒),13,0
1066,天麻胶囊,5,0
1067,武汉中联归芪口服液(归芪口服液),13,0
1068,培根白菜粥,7,0
1069,血清免疫球蛋白G亚类,3,0
1070,沐舒坦(盐酸氨溴索片),13,0
1071,草决明蒸鸡肝,7,0
1072,利君制药醋酸可的松片(醋酸可的松片),13,0
1073,康尔心胶囊,5,0
1074,烧猪肝,7,0
1075,氯霉素片(氯霉素片),13,0
1076,双蚁祛湿通络胶囊,5,0
1077,成都第一醋酸可的松片(醋酸可的松片),13,0
1078,急性心力衰竭,9,0
1079,酒石酸托特罗定片,5,0
1080,谵妄,4,0
1081,韭菜,8,0
1082,肝脾肿大,4,0
1083,草莓柚奶汁,7,0
1084,复方皂矾丸,2,0
1085,江西芙蓉安胎丸(安胎丸),13,0
1086,中山尼克美诺氟沙星胶囊(诺氟沙星胶囊),13,0
1087,腹泻,9,0
1088,金匮肾气丸,5,0
1089,国润制药苯妥英钠片(苯妥英钠片),13,0
1090,维生素B12片,5,0
1091,浆细胞,3,0
1092,海力制药牛磺酸颗粒(牛磺酸颗粒),13,0
1093,南瓜牛肉汤,7,0
1094,圣可补肾斑龙片(补肾斑龙片),13,0
1095,氢氯噻嗪片,2,0
1096,螺内酯片,5,0
1097,细菌学检验,3,0
1098,维宏(阿奇霉素片),13,0
1099,益保世灵(注射用头孢唑肟钠),13,0
1100,小儿急性上呼吸道感染,1,0
1101,荚膜肿胀试验,3,0
1102,败血症,9,0
1103,休克,4,0
1104,黄河药业阿奇霉素分散片(阿奇霉素分散片),13,0
1105,弥散性血管内凝血,9,0
1106,利君制药琥乙红霉素片(琥乙红霉素片),13,0
1107,通脉颗粒,5,0
1108,呼吸困难,4,0
1109,四川德元川贝枇杷糖浆(川贝枇杷糖浆),13,0
1110,慢性支气管炎,9,0
1111,三凹征,4,0
1112,胎宝胶囊,5,0
1113,支原体感染,1,0
1114,老年人吸入性肺炎,1,0
1115,肺泡-动脉氧分压差（PA-aDO2）,3,0
1116,天津达仁堂京万红益肾液(益肾液),13,0
1117,豌豆瘦肉粥,7,0
1118,九味健肾胶囊,5,0
1119,西南药业氯霉素片(氯霉素片),13,0
1120,自发性气胸,9,0
1121,雪梨膏,5,0
1122,紫菜萝卜汤,7,0
1123,尿道狭窄,9,0
1124,吉林大峻连翘败毒片(连翘败毒片),13,0
1125,耸肩喘息,4,0
1126,牛奶麦片粥,7,0
1127,康恩贝中药麝香壮骨膏(麝香壮骨膏),13,0
1128,雪菜牛肉粥,7,0
1129,胸痛,4,0
1130,小麦粥,7,0
1131,硬脂酸红霉素片,5,0
1132,欣匹特(阿奇霉素分散片),13,0
1133,急性病容,4,0
1134,信谊天平盐酸氨溴索胶囊(盐酸氨溴索胶囊),13,0
1135,小米素羹,7,0
1136,鹌鹑蛋小米羹,7,0
1137,天王补心丸,5,0
1138,盐酸金刚烷胺片,5,0
1139,云南龙发琥乙红霉素片(琥乙红霉素片),13,0
1140,葵花阿奇霉素干混悬剂(阿奇霉素干混悬剂),13,0
1141,汇仁药业阿奇霉素片(阿奇霉素片),13,0
1142,津奉药业麝香壮骨膏(麝香壮骨膏),13,0
1143,水晶鱼片,7,0
1144,牛肉热汤面,7,0
1145,天津力生制药氢氯噻嗪片(氢氯噻嗪片),13,0
1146,肺性脑病,9,0
1147,九芝堂天王补心丸(天王补心丸),13,0
1148,瑞阳制药注射用磺苄西林钠(注射用磺苄西林钠),13,0
1149,鸭血(白鸭),8,0
1150,凉拌芦笋,7,0
1151,心电图,3,0
1152,好医生攀西对乙酰氨基酚片(对乙酰氨基酚片),13,0
1153,柏赛罗达那唑胶囊(达那唑胶囊),13,0
1154,锦华药业诺氟沙星胶囊(诺氟沙星胶囊),13,0
1155,维宏(阿奇霉素干混悬剂),13,0
1156,醋酸泼尼松片,12,0
1157,紫菜鸡蛋汤,7,0
1158,大连药业托西酸舒他西林胶囊(托西酸舒他西林胶囊),13,0
1159,白萝卜炖猪排骨,7,0
1160,小牛脾提取物注射液,5,0
1161,上海新华联达那唑胶囊(达那唑胶囊),13,0
1162,高铁血红蛋白还原试验,3,0
1163,莲子粥,7,0
1164,白扁豆,8,0
1165,老年人支原体肺炎,1,0
1166,发作性不自主运动,4,0
1167,复方首乌补液,5,0
1168,白云山医羧甲司坦片(羧甲司坦片),13,0
1169,西南药业硬脂酸红霉素片(硬脂酸红霉素片),13,0
1170,银耳雪梨膏,7,0
1171,急性细支气管炎,1,0
1172,中杰药业当归片(当归片),13,0
1173,湖南正清利巴韦林片(利巴韦林片),13,0
1174,全血铬,3,0
1175,康缘热毒宁注射液(热毒宁注射液),13,0
1176,咳嗽反射,4,0
1177,溶血性贫血,9,0
1178,杏仁,6,0
1179,泌尿外科,10,0
1180,小儿解感片,5,0
1181,肺功能检查,3,0
1182,湖北东信蛇胆川贝液(蛇胆川贝液),13,0
1183,恶寒,4,0
1184,广东三蓝安胎丸(安胎丸),13,0
1185,纽兰药业利巴韦林片(利巴韦林片),13,0
1186,盆腔炎,9,0
1187,河北天成药业乳酸左氧氟沙星(乳酸左氧氟沙星片),13,0
1188,中性粒细胞比例(NEUT%),3,0
1189,糖桂花,8,0
1190,乌骨鸡,8,0
1191,甲钴胺片,5,0
1192,桃仁,6,0
1193,蜂窝肺综合征,9,0
1194,醋酸泼尼松片,2,0
1195,特一羧甲司坦片(羧甲司坦片),13,0
1196,大蒜,8,0
1197,利君制药醋酸泼尼松片(醋酸泼尼松片),13,0
1198,杭州民生药业达那唑胶囊(达那唑胶囊),13,0
1199,咳嗽伴胸痛,4,0
1200,新华制药醋酸可的松片(醋酸可的松片),13,0
1201,支气管造影,3,0
1202,腹水,4,0
1203,黄豆粉,6,0
1204,联环药业达那唑胶囊(达那唑胶囊),13,0
1205,沃卡(克拉霉素胶囊),13,0
1206,世贸天阶江苏氢氯噻嗪片(氢氯噻嗪片),13,0
1207,山东新华醋酸可的松片(醋酸可的松片),13,0
1208,手术治疗,11,0
1209,南瓜子仁,6,0
1210,食欲不振,4,0
1211,中兴药业苯妥英钠片(苯妥英钠片),13,0
1212,直肠炎,9,0
1213,冯了性金匮肾气丸(金匮肾气丸),13,0
1214,抗人球蛋白试验,3,0
1215,小白鼠毒力试验,3,0
1216,核磁共振成像(MRI),3,0
1217,体位,3,0
1218,蒸鱼,7,0
1219,益肾灵颗粒,5,0
1220,磷霉素氨丁三醇散,5,0
1221,急性面容,4,0
1222,宜昌人福盐酸金刚烷胺片(盐酸金刚烷胺片),13,0
1223,石药欧意红霉素肠溶片(红霉素肠溶片),13,0
1224,牛奶绿菜花,7,0
1225,亨瑞达制药醋酸泼尼松片(醋酸泼尼松片),13,0
1226,多普勒超声心动图,3,0
1227,感染性疾病所致贫血,1,0
1228,维生素B1片,5,0
1229,呋喃唑酮片,5,0
1230,新博阿奇霉素颗粒(阿奇霉素颗粒),13,0
1231,盐酸头孢他美酯片,5,0
1232,华北制药腺苷钴胺片(腺苷钴胺片),13,0
1233,苹果汁,7,0
1234,绿豆面,6,0
1235,臂痛,4,0
1236,达力芬(头孢克肟颗粒),13,0
1237,布地奈德气雾剂,12,0
1238,藏王天宝十三味红花丸(十三味红花丸),13,0
1239,黏液脓性痰,4,0
1240,嘉宁健儿清解液(健儿清解液),13,0
1241,紫绀,4,0
1242,河北天成羧甲司坦片(羧甲司坦片),13,0
1243,茴香,8,0
1244,浙江仙琚达那唑胶囊(达那唑胶囊),13,0
1245,首儿药厂小青龙颗粒(小青龙颗粒),13,0
1246,番茄牛肉,7,0
1247,迪康长江制药复方四环素泼尼(复方四环素泼尼松膜),13,0
1248,四川制药制剂阿莫西林胶囊(阿莫西林胶囊),13,0
1249,鲫鱼赤小豆汤,7,0
1250,血锑,3,0
1251,阿昔洛韦凝胶,5,0
1252,鸡肝,6,0
1253,赤峰维康托西酸舒他西林胶囊(托西酸舒他西林胶囊),13,0
1254,遂成药业克拉霉素胶囊(克拉霉素胶囊),13,0
1255,鼎恒升苯妥英钠片(苯妥英钠片),13,0
1256,麻酱拌赤贝,7,0
1257,健今药业小儿肺热平胶囊(小儿肺热平胶囊),13,0
1258,吉特药业天麻胶囊(天麻胶囊),13,0
1259,湖北纽兰利巴韦林片(利巴韦林片),13,0
1260,喉炎,9,0
1261,湖南科伦制药阿莫西林胶囊(阿莫西林胶囊),13,0
1262,甘肃兰药硬脂酸红霉素片(硬脂酸红霉素片),13,0
1263,红细胞渗透脆性试验,3,0
1264,龙胆泻肝丸,5,0
1265,鸡汤,7,0
1266,安必君氨苄西林胶囊(氨苄西林胶囊),13,0
1267,上海雷允上安胎丸(安胎丸),13,0
1268,小青龙合剂,5,0
1269,四川美大康琥乙红霉素片(琥乙红霉素片),13,0
1270,肾内科,10,0
1271,鸡蛋黄花汤,7,0
1272,替硝唑阴道泡腾片,5,0
1273,珠海联邦头孢拉定胶囊(头孢拉定胶囊),13,0
1274,阿莫西林胶囊,12,0
1275,金不换复方炉甘石外用散(复方炉甘石外用散),13,0
1276,止咳枇杷糖浆,5,0
1277,非特异性尿道炎,1,0
1278,焦作福瑞堂盐酸二氧丙嗪颗粒(盐酸二氧丙嗪颗粒),13,0
1279,清炒油麦菜,7,0
1280,燕窝,6,0
1281,松子仁,8,0
1282,深圳致君制药盐酸氨溴索口服(盐酸氨溴索口服溶液),13,0
1283,仁和五子衍宗丸(五子衍宗丸),13,0
1284,血尿胶囊,12,0
1285,波顿格征,3,0
1286,芝麻,6,0
1287,泉州中侨安胎丸(安胎丸),13,0
1288,脓痰,4,0
1289,哈药总厂头孢氨苄甲氧苄啶片(头孢氨苄甲氧苄啶片),13,0
1290,党参粥,7,0
1291,传染病科,10,0
1292,玉竹白菜,7,0
1293,产科,10,0
1294,广东三才氢氯噻嗪片(氢氯噻嗪片),13,0
1295,赤贝,6,0
1296,听力减退,4,0
1297,布地奈德气雾剂,2,0
1298,十八味诃子丸,5,0
1299,胡卓人参茸卫生丸(参茸卫生丸),13,0
1300,支持性治疗,11,0
1301,香椿炒蛋,7,0
1302,板蓝根颗粒(中成药),13,0
1303,蚕豆粥,7,0
1304,白扁豆粥,7,0
1305,鹿肉,6,0
1306,心包炎,9,0
1307,传染科,10,0
1308,信谊氢氯噻嗪片(氢氯噻嗪片),13,0
1309,小儿急性支气管炎,9,0
1310,江西保利安胎丸(安胎丸),13,0
1311,一新制药利巴韦林胶囊(利巴韦林胶囊),13,0
1312,爱宝疗(聚甲酚磺醛阴道栓),13,0
1313,酱白菜,7,0
1314,布氏杆菌凝集试验,3,0
1315,甲钴胺胶囊,12,0
1316,鼻疽菌素皮内试验,3,0
1317,口腔粘膜弥漫充血,4,0
1318,江西国药醋酸可的松片(醋酸可的松片),13,0
1319,非典,1,0
1320,酒精,8,0
1321,太极还少丹(还少丹),13,0
1322,雪梨百合冰糖饮,7,0
1323,申洛(头孢克洛缓释胶囊),13,0
1324,广州东康诺氟沙星胶囊(诺氟沙星胶囊),13,0
1325,牛奶香蕉糊,7,0
1326,南国药业羧甲司坦片(羧甲司坦片),13,0
1327,白云山医小儿咳喘灵颗粒(小儿咳喘灵颗粒),13,0
1328,江西南昌济生利巴韦林片(利巴韦林片),13,0
1329,利君制药苯妥英钠片(苯妥英钠片),13,0
1330,赛乐林(罗红霉素胶囊),13,0
1331,阿莫西林胶囊,2,0
1332,枸杞玉米羹,7,0
1333,咽炎,9,0
1334,特一土霉素片(土霉素片),13,0
1335,番茄冲菜牛肉丸汤,7,0
1336,鸭蛋,6,0
1337,牛肉汉堡包,7,0
1338,沙眼衣原体IgM和IgG,3,0
1339,鸭肉菜包,7,0
1340,胸部CT检查,3,0
1341,血尿胶囊,2,0
1342,芦笋粥,7,0
1343,不明原因发热,4,0
1344,鸡蛋清,6,0
1345,罗红霉素干混悬剂,5,0
1346,宫外孕,9,0
1347,蜂蜜,8,0
1348,猪肝鸡蛋粥,7,0
1349,鸡肝银耳汤,7,0
1350,潜江制药利巴韦林含片(利巴韦林含片),13,0
1351,山西云鹏制药维生素B12片(维生素B12片),13,0
1352,广州白云山中一安胎丸(安胎丸),13,0
1353,帮宝宝羧甲淀粉钠溶液(羧甲淀粉钠溶液),13,0
1354,江苏联环达那唑胶囊(达那唑胶囊),13,0
1355,生冷食物,8,0
1356,香菇油菜包,7,0
1357,尿频,4,0
1358,芹菜炒香菇,7,0
1359,苦参栓,12,0
1360,免疫力下降,4,0
1361,苦参软膏,5,0
1362,注射用头孢唑肟钠,5,0
1363,护国菜,7,0
1364,小儿支原体肺炎,1,0
1365,共济失调,4,0
1366,溶血试验,3,0
1367,血清腺苷脱氨酶,3,0
1368,放射性肺炎,1,0
1369,京西药业醋酸可的松片(醋酸可的松片),13,0
1370,海神同洲阿奇霉素片(阿奇霉素片),13,0
1371,百合绿豆沙羹,7,0
1372,鸡内金,6,0
1373,迪赛生物苯妥英钠片(苯妥英钠片),13,0
1374,基础疾病治疗,11,0
1375,类风湿因子,3,0
1376,头孢克肟分散片,5,0
1377,沙眼衣原体,3,0
1378,甲强龙(注射用甲泼尼龙琥珀酸钠),13,0
1379,润弘制药苯妥英钠片(苯妥英钠片),13,0
1380,脾功能亢进,9,0
1381,老年人院内获得性肺炎,1,0
1382,皮损,3,0
1383,肺咳,9,0
1384,苦瓜粥,7,0
1385,萝卜生菜汤,7,0
1386,痰液中分泌型IgA,3,0
1387,胸腺肽肠溶片,5,0
1388,羧甲淀粉钠溶液,12,0
1389,洋葱拌蚕豆,7,0
1390,红豆花生粥,7,0
1391,康美药业红霉素肠溶片(红霉素肠溶片),13,0
1392,喷托维林氯化铵糖浆,2,0
1393,牛磺酸颗粒,5,0
1394,车前草炖猪小肚,7,0
1395,补肾益气胶囊,5,0
1396,虾皮香芹燕麦粥,7,0
1397,托西酸舒他西林胶囊,5,0
1398,杵状指（趾）,4,0
1399,血液生化六项检查,3,0
1400,吉春制药胎宝胶囊(胎宝胶囊),13,0
1401,绿豆杂面条,7,0
1402,赤砂糖,6,0
1403,慢性咳嗽,4,0
1404,四川制药制剂硬脂酸红霉素片(硬脂酸红霉素片),13,0
1405,东药阿奇霉素胶囊(阿奇霉素胶囊),13,0
1406,杏仁粥,7,0
1407,欣普贝生(地诺前列酮栓),13,0
1408,猪里脊肉,8,0
1409,腰果,6,0
1410,抗病毒药物治疗,11,0
1411,美林(布洛芬混悬滴剂),13,0
1412,立克次体补体结合试验,3,0
1413,天星制药注射用头孢唑肟钠(注射用头孢唑肟钠),13,0
1414,瑶柱生菜白菜汤,7,0
1415,尿急,4,0
1416,沈阳一药苯妥英钠片(苯妥英钠片),13,0
1417,以岭药业阿奇霉素片(阿奇霉素片),13,0
1418,"尿含铁血黄素(HS,Hd)",3,0
1419,紫苏粥,7,0
1420,鸡蛋拌土豆泥,7,0
1421,妊娠合并肺炎,1,0
1422,血尿胶囊,5,0
1423,沙眼衣原体抗原,3,0
1424,猪肉(肥瘦),8,0
1425,凤凰白云山药业十全大补膏(十全大补膏),13,0
1426,支气管肺泡灌洗术（BAL）,3,0
1427,白菜包子,7,0
1428,愈风宁心滴丸,5,0
1429,血管造影,3,0
1430,海带瘦肉粥,7,0
1431,测试,4,0
1432,白云山光华苯妥英钠片(苯妥英钠片),13,0
1433,羧甲淀粉钠溶液,2,0
1434,尿道冲洗试验,3,0
1435,大连金石滩硬脂酸红霉素片(硬脂酸红霉素片),13,0
1436,血氧饱和度,3,0
1437,栗子炒芹菜,7,0
1438,软组织肿胀,4,0
1439,桑海喷托维林氯化铵糖浆(喷托维林氯化铵糖浆),13,0
1440,北京京丰制药集团诺氟沙星胶(诺氟沙星胶囊),13,0
1441,喘息样支气管炎,1,0
1442,红辣椒,8,0
1443,胡萝卜汤,7,0
1444,生殖道分泌物培养,3,0
1445,通气与血流灌注比值（V/Q）,3,0
1446,国药威奇达注射用头孢唑肟钠(注射用头孢唑肟钠),13,0
1447,洛匹那韦/利托那韦,12,0
1448,耳道流脓,4,0
1449,罗红霉素分散片,5,0
1450,纽兰药业小青龙颗粒(小青龙颗粒),13,0
1451,迪沙药业牛磺酸颗粒(牛磺酸颗粒),13,0
1452,放射性疼痛,4,0
1453,西葫芦饺,7,0
1454,沙眼衣原体肺炎,1,0
1455,血清学反应,3,0
1456,呼吸道合胞病毒感染,9,0
1457,骨髓象分析,3,0
1458,六味地黄丸,5,0
1459,鹦鹉热,1,0
1460,萨兰欣(注射用盐酸头孢替安),13,0
1461,九惠利巴韦林颗粒(利巴韦林颗粒),13,0
1462,长春万德琥乙红霉素片(琥乙红霉素片),13,0
1463,朗瑞(司帕沙星分散片),13,0
1464,迈特兴华达那唑胶囊(达那唑胶囊),13,0
1465,喷托维林氯化铵糖浆,5,0
1466,生菜,6,0
1467,石药欧意枸橼酸喷托维林片(枸橼酸喷托维林片),13,0
1468,蔬菜粥,7,0
1469,菠菜双蛋羹,7,0
1470,喘息,4,0
1471,武汉中联硬脂酸红霉素片(硬脂酸红霉素片),13,0
1472,香蕉葡萄粥,7,0
1473,注射用磺苄西林钠,5,0
1474,开洋大白菜,7,0
1475,褥疮,9,0
1476,红葡萄酒,8,0
1477,炒番茄鸡蛋汤,7,0
1478,肺过度充气,4,0
1479,清热消炎宁片,5,0
1480,痰培养,3,0
1481,苹果粥,7,0
1482,菠菜粉丝汤,7,0
1483,赛诺药业胎宝胶囊(胎宝胶囊),13,0
1484,布洛芬混悬滴剂,5,0
1485,瓜粒杂锦汤,7,0
1486,方盛制药克拉霉素胶囊(克拉霉素胶囊),13,0
1487,中和制药阿莫西林胶囊(阿莫西林胶囊),13,0
1488,鸡蛋银耳羹,7,0
1489,承德天原龙胆泻肝丸(龙胆泻肝丸),13,0
1490,尿道口有白膜形成,4,0
1491,醋酸可的松片(醋酸可的松片),13,0
1492,川贝百合炖雪梨,7,0
1493,阿奇霉素分散片,2,0
1494,宝威小儿咳喘灵颗粒(小儿咳喘灵颗粒),13,0
1495,成都锦华氯霉素片(氯霉素片),13,0
1496,小儿肺咳颗粒,5,0
1497,宝珠制药维生素B1片(维生素B1片),13,0
1498,四川通园盐酸金刚烷胺糖浆(盐酸金刚烷胺糖浆),13,0
1499,甲硝唑阴道泡腾片,5,0
1500,广东万年青复方首乌补液(复方首乌补液),13,0
1501,琥乙红霉素片,5,0
1502,洛匹那韦/利托那韦,2,0
1503,阿莫西林颗粒,5,0
1504,蛏子,8,0
1505,天津太平洋羧甲司坦片(羧甲司坦片),13,0
1506,红斑,1,0
1507,黄瓜紫菜汤,7,0
1508,大白菜(青口),6,0
1509,消瘦,4,0
1510,圆白菜,6,0
1511,东信药业琥乙红霉素片(琥乙红霉素片),13,0
1512,对乙酰氨基酚片,5,0
1513,多抗甘露聚糖肽胶囊(甘露聚糖肽胶囊),13,0
1514,杏仁,8,0
1515,东陵药业麝香壮骨膏(麝香壮骨膏),13,0
1516,小阴唇及前庭也...,4,0
1517,岷海制药当归片(当归片),13,0
1518,上海通用醋酸可的松注射液(醋酸可的松注射液),13,0
1519,柏栀祛湿洗液,5,0
1520,海螺,8,0
1521,哮喘,9,0
1522,无力,4,0
1523,白果冬瓜粥,7,0
1524,敬修堂对乙酰氨基酚栓(对乙酰氨基酚栓),13,0
1525,安阳路德小儿肺炎散(小儿肺炎散),13,0
1526,蔬菜杂烩粥,7,0
1527,昏睡,4,0
1528,阴道分泌物增多,4,0
1529,胃肠道症状,4,0
1530,椰蓉豆沙卷,7,0
1531,桔贝合剂,5,0
1532,羊肝羹,7,0
1533,津华晖星盐酸环丙沙星片(盐酸环丙沙星片),13,0
1534,百利药业利巴韦林颗粒(利巴韦林颗粒),13,0
1535,黄河药业克拉霉素胶囊(克拉霉素胶囊),13,0
1536,阿奇霉素胶囊,5,0
1537,豌豆绿豆粥,7,0
1538,五丝白菜卷,7,0
1539,C反应蛋白,3,0
1540,出血倾向,4,0
1541,菠萝芹菜汁,7,0
1542,百益制药麝香壮骨膏(麝香壮骨膏),13,0
1543,银耳瘦肉羹,7,0
1544,燕麦粥,7,0
1545,希舒美(阿奇霉素干混悬剂),13,0
1546,脊髓炎,9,0
1547,仁和堂硫酸沙丁胺醇片(硫酸沙丁胺醇片),13,0
1548,肝功检查胆红素...,4,0
1549,毓卓,4,0
1550,二维超声心动图,3,0
1551,广东三才石岐诺氟沙星胶囊(诺氟沙星胶囊),13,0
1552,腺病毒抗体,3,0
1553,湖北襄阳隆中石淋通颗粒(石淋通颗粒),13,0
1554,烦躁不安,4,0
1555,桑海制药喷托维林氯化铵糖浆(喷托维林氯化铵糖浆),13,0
1556,东信药业对乙酰氨基酚栓(对乙酰氨基酚栓),13,0
1557,荠菜鸡蛋汤,7,0
1558,百合固金丸,5,0
1559,百合鸡蛋黄汤,7,0
1560,猪肉炒饼,7,0
1561,青海晶珠蛇胆川贝液(蛇胆川贝液),13,0
1562,呃逆,4,0
1563,山西晋新双鹤安胎丸(安胎丸),13,0
1564,呼吸音低,4,0
1565,得恩德制药阿奇霉素片(阿奇霉素片),13,0
1566,石药欧意腺苷钴胺片(腺苷钴胺片),13,0
1567,河南同源盐酸金刚烷胺糖浆(盐酸金刚烷胺糖浆),13,0
1568,萝卜牛肉蒸饺,7,0
1569,小儿咳嗽,1,0
1570,炎立消胶囊,5,0
1571,色素异常,4,0
1572,利巴韦林片,5,0
1573,白细胞数,3,0
1574,南峰药业黄芪精(黄芪精),13,0
1575,雪梨莲藕汁,7,0
1576,三蛇胆川贝糖浆,5,0
1577,阿奇霉素分散片,5,0
1578,酱豆腐汁烧猪肉,7,0
1579,国药国瑞利巴韦林分散片(利巴韦林分散片),13,0
1580,茯苓胖头鱼,7,0
1581,海王阿奇霉素片(阿奇霉素片),13,0
1582,胸部平片,3,0
1583,西式牛奶粥,7,0
1584,休克型肺炎,1,0
1585,南岛四环素片(四环素片),13,0
1586,遂成药业阿奇霉素分散片(阿奇霉素分散片),13,0
1587,芦笋蛋饼,7,0
1588,白云山制药总厂琥乙红霉素片(琥乙红霉素片),13,0
1589,米乐松(注射用甲泼尼龙琥珀酸钠),13,0
1590,河南同源小儿止咳糖浆(小儿止咳糖浆),13,0
1591,枸杞子粥,7,0
1592,北京华润高科复方苁蓉补肾合(复方苁蓉补肾合剂),13,0
1593,咳声嘶哑,4,0
1594,天士力复方丹参滴丸(复方丹参滴丸),13,0
1595,陕西颐生堂诺氟沙星胶囊(诺氟沙星胶囊),13,0
1596,晨僵,4,0
1597,海蚌,6,0
1598,感染性休克,9,0
1599,脑电图检查,3,0
1600,生血丸,5,0
1601,鸡肝,8,0
1602,湖南正清达那唑胶囊(达那唑胶囊),13,0
1603,江西南昌桑海小儿止咳糖浆(小儿止咳糖浆),13,0
1604,仁和堂氢氯噻嗪片(氢氯噻嗪片),13,0
1605,芹菜粥,7,0
1606,英雄龙胆泻肝丸(龙胆泻肝丸),13,0
1607,腌雪里蕻,8,0
1608,血宝胶囊,5,0
1609,复方莪术油栓,5,0
1610,太极集团小儿咳喘灵颗粒(小儿咳喘灵颗粒),13,0
1611,首乌鸡蛋小米粥,7,0
1612,金鼎制药对乙酰氨基酚片(对乙酰氨基酚片),13,0
1613,七鞭回春乐胶囊,5,0
1614,降脂宁颗粒,5,0
1615,灵芝鸡肉汤,7,0
1616,菊花芦根茶,7,0
1617,小儿支气管肺炎,1,0
1618,外源性变应性肺泡炎,1,0
1619,肺部或支气管周...,4,0
1620,宛西制药天王补心丸(天王补心丸),13,0
1621,素炒西兰花,7,0
1622,阴道毛滴虫检查,3,0
1623,血凝抑制试验,3,0
1624,湖北潜江阿奇霉素颗粒(阿奇霉素颗粒),13,0
1625,盐酸二氧丙嗪颗粒,5,0
1626,干腌菜,8,0
1627,小儿自身免疫性溶血性贫血,1,0
1628,排尿疼痛,4,0
1629,鹿迪桔贝合剂(桔贝合剂),13,0
1630,核桃肉粉,7,0
1631,鲜菊白菜豆腐汤,7,0
1632,浙江尖峰愈风宁心滴丸(愈风宁心滴丸),13,0
1633,豆薯小米粥,7,0
1634,振兴氨茶碱片(氨茶碱片),13,0
1635,持续性发热,4,0
1636,忆欣磷霉素氨丁三醇散(磷霉素氨丁三醇散),13,0
1637,青鹏膏剂,5,0
1638,大株红景天胶囊,12,0
1639,鹿肉,8,0
1640,罗红霉素胶囊,12,0
1641,吉林银诺克百合固金丸(百合固金丸),13,0
1642,集合管或乳头弥...,4,0
1643,华南药业醋酸泼尼松片(醋酸泼尼松片),13,0
1644,海蜇皮,8,0
1645,雪梨饮,7,0
1646,呼吸性碱中毒,4,0
1647,苦瓜炒肉丝,7,0
1648,血尿,4,0
1649,广州白云山和记黄埔中药强阳(强阳保肾丸),13,0
1650,百合莲子绿豆粥,7,0
1651,前列腺炎,9,0
1652,湘江药业利巴韦林颗粒(利巴韦林颗粒),13,0
1653,疲乏,4,0
1654,叶开泰小儿咳喘灵颗粒(小儿咳喘灵颗粒),13,0
1655,鸭肉杂烩粥,7,0
1656,内蒙古天奇龙胆泻肝丸(龙胆泻肝丸),13,0
1657,注射用盐酸头孢替安(注射用盐酸头孢替安),13,0
1658,芹菜猪肉蒸饺,7,0
1659,清蒸甲鱼,7,0
1660,急性会厌炎,9,0
1661,鲁抗麦迪霉素片(麦迪霉素片),13,0
1662,固元胶囊,5,0
1663,心脏压塞征象,4,0
1664,急性宫颈炎,4,0
1665,牛奶菠菜汤,7,0
1666,品信药业小儿咳喘灵颗粒(小儿咳喘灵颗粒),13,0
1667,天圣银参通络胶囊(银参通络胶囊),13,0
1668,心力衰竭,4,0
1669,阿奇霉素片,2,0
1670,百合雪梨莲藕汤,7,0
1671,肺通气功能,3,0
1672,马应龙药业对乙酰氨基酚栓(对乙酰氨基酚栓),13,0
1673,广西维威制药复方罗汉果止咳(复方罗汉果止咳颗粒),13,0
1674,三乙醇胺乳膏,5,0
1675,辽宁盛生硬脂酸红霉素片(硬脂酸红霉素片),13,0
1676,胸腔积液检查,3,0
1677,尿液分析,3,0
1678,鸡蛋清,8,0
1679,早产,9,0
1680,利巴韦林含片,5,0
1681,浩诚柏栀祛湿洗液(柏栀祛湿洗液),13,0
1682,济民可信药业小儿热咳口服液(小儿热咳口服液),13,0
1683,鸭梨粥,7,0
1684,肺活量体重指数,3,0
1685,淋巴细胞数,3,0
1686,蟹黄,8,0
1687,老年人肺炎,1,0
1688,湖北东信阿奇霉素颗粒(阿奇霉素颗粒),13,0
1689,逆行性细菌感染,4,0
1690,大株红景天胶囊,2,0
1691,急性喉炎,9,0
1692,低钠血症,4,0
1693,黄瓜片汤,7,0
1694,流感嗜血杆菌肺炎,1,0
1695,肺纹理增多,4,0
1696,肉片柿子汤,7,0
1697,北杏炖雪梨,7,0
1698,白云山何济公对乙酰氨基酚栓(对乙酰氨基酚栓),13,0
1699,罗红霉素胶囊,2,0
1700,猝死,9,0
1701,肺显像,3,0
1702,兰瑞,4,0
1703,衣原体尿路感染,1,0
1704,百灵鸟通脉颗粒(通脉颗粒),13,0
1705,内科检查,3,0
1706,浙江华海药业洛匹那韦/利托那韦片(洛匹那韦/利托那韦片),13,0
1707,仙琚制药醋酸泼尼松片(醋酸泼尼松片),13,0
1708,呼气困难,4,0
1709,橘红丸,5,0
1710,琥乙红霉素颗粒,5,0
1711,白砂糖,8,0
1712,纤维支气管镜检查,3,0
1713,贫血,9,0
1714,硫酸沙丁胺醇片,5,0
1715,长仙龟芪壮骨颗粒(龟芪壮骨颗粒),13,0
1716,乙酰麦迪霉素干混悬剂,12,0
1717,氯霉素片,2,0
1718,煨莲子汤,7,0
1719,血清铁蛋白,3,0
1720,肺内病变,4,0
1721,大连天宇制药阿奇霉素胶囊(阿奇霉素胶囊),13,0
1722,桃仁红枣粥,7,0
1723,小白菜馅包子,7,0
1724,天津力生制药醋酸泼尼松片(醋酸泼尼松片),13,0
1725,西安必康甘露聚糖肽口服溶液(甘露聚糖肽口服溶液),13,0
1726,齐鲁制药阿比多尔片/胶囊(阿比多尔),13,0
1727,小儿肺炎,1,0
1728,急性呼吸窘迫综合征,9,0
1729,赤砂糖,8,0
1730,柳橙菠萝汁,7,0
1731,云南梁河民族清肺抑火片(清肺抑火片),13,0
1732,赤小豆山药粥,7,0
1733,双菇番茄黄瓜紫菜汤,7,0
1734,湖北东信雪梨膏(雪梨膏),13,0
1735,再造生血片,12,0
1736,四川逢春小儿止咳糖浆(小儿止咳糖浆),13,0
1737,湖北康正阿昔洛韦乳膏(阿昔洛韦乳膏),13,0
1738,辛伐他汀胶囊,5,0
1739,博祥化毒丹(化毒丹),13,0
1740,香菇豆苗萝卜汤,7,0
1741,麻疹,9,0
1742,阿奇霉素片,5,0
1743,头孢泊肟酯胶囊,2,0
1744,华润天和麝香壮骨膏(麝香壮骨膏),13,0
1745,西安金方双唑泰泡腾片(双唑泰泡腾片),13,0
1746,支气管镜检查,3,0
1747,广州白云山陈李济千金保孕丸(千金保孕丸),13,0
1748,恶心与呕吐,4,0
1749,心源性肝硬化,9,0
1750,小儿肺热平胶囊,2,0
1751,四川天德小儿止咳糖浆(小儿止咳糖浆),13,0
1752,广西恒拓罗汉果止咳糖浆(罗汉果止咳糖浆),13,0
1753,四川国瑞小儿止咳糖浆(小儿止咳糖浆),13,0
1754,盐酸金刚烷胺糖浆,5,0
1755,莲子红豆沙,7,0
1756,口蘑香菇粥,7,0
1757,乙酰麦迪霉素干混悬剂,2,0
1758,白干炒菠菜,7,0
1759,红豆糯米粥,7,0
1760,代芳(甲钴胺片),13,0
1761,小儿喘息样支气管炎,1,0
1762,回心康片,5,0
1763,紫菜豆腐汤,7,0
1764,板栗烧白菜,7,0
1765,成都天台山诺氟沙星胶囊(诺氟沙星胶囊),13,0
1766,三七活血丸,12,0
1767,妍婷苦参栓(苦参栓),13,0
1768,红枣银耳粥,7,0
1769,哈药三精蛇胆川贝液(蛇胆川贝液),13,0
1770,小儿肺炎散,5,0
1771,浙江维康固元胶囊(固元胶囊),13,0
1772,细菌感染,4,0
1773,闽海药业复方桔梗止咳片(复方桔梗止咳片),13,0
1774,江苏联环盐酸多西环素片(盐酸多西环素片),13,0
1775,再造生血片,2,0
1776,氯霉素片,5,0
1777,长春迪瑞利巴韦林含片(利巴韦林含片),13,0
1778,立克次体凝集试验,3,0
1779,盐酸左氧氟沙星胶囊,12,0
1780,天津太平洋二羟丙茶碱片(二羟丙茶碱片),13,0
1781,痰液细菌培养,3,0
1782,维奥欣薯蓣皂苷片(薯蓣皂苷片),13,0
1783,嫩莲子粥,7,0
1784,低氧血症,4,0
1785,豆浆,6,0
1786,广州柏赛罗达那唑胶囊(达那唑胶囊),13,0
1787,肺活检,3,0
1788,呼吸急促,4,0
1789,泛细支气管炎-测试,1,0
1790,白云山医药小儿咳喘灵颗粒(小儿咳喘灵颗粒),13,0
1791,慧谷药业利巴韦林颗粒(利巴韦林颗粒),13,0
1792,羊油,8,0
1793,广东华南依托红霉素片(依托红霉素片),13,0
1794,复方四环素泼尼松膜,5,0
1795,固相酶免疫测定技术,3,0
1796,猪肚,8,0
1797,广东逢春橘红丸(橘红丸),13,0
1798,尿胆原,3,0
1799,小儿史-约综合征,1,0
1800,上海信谊醋酸可的松片(醋酸可的松片),13,0
1801,甲硝唑乳膏,2,0
1802,三才石岐阿莫西林胶囊(阿莫西林胶囊),13,0
1803,无尿,4,0
1804,牛奶杏仁粥,7,0
1805,抚松县中药连翘败毒片(连翘败毒片),13,0
1806,血小板减少症,9,0
1807,比利时辉瑞注射用甲泼尼龙琥(注射用甲泼尼龙琥珀酸钠),13,0
1808,银诺克肺宝蛤蚧定喘丸(蛤蚧定喘丸),13,0
1809,正大丰海螺内酯片(螺内酯片),13,0
1810,抗菌药物,11,0
1811,赤小豆鸡汤,7,0
1812,头孢氨苄胶囊,12,0
1813,健儿清解液,12,0
1814,银参通络胶囊,5,0
1815,新赛斯平(环孢素口服溶液),13,0
1816,酱兔肉,7,0
1817,头孢泊肟酯胶囊,5,0
1818,自身免疫性溶血性贫血,9,0
1819,三七活血丸,2,0
1820,汇仁药业利巴韦林片(利巴韦林片),13,0
1821,全星制药注射用盐酸头孢替安(注射用盐酸头孢替安),13,0
1822,淡菜(鲜),8,0
1823,小儿急性肾小球肾炎,1,0
1824,薏仁党参粥,7,0
1825,芜湖张恒春天王补心丸(天王补心丸),13,0
1826,醋酸可的松片,5,0
1827,小儿肺热平胶囊,5,0
1828,海口市制药注射用头孢唑肟钠(注射用头孢唑肟钠),13,0
1829,单硝酸异山梨酯胶囊,5,0
1830,振东泰盛注射用青霉素钠(注射用青霉素钠),13,0
1831,奇信(甲钴胺胶囊),13,0
1832,机械通气,11,0
1833,白云山医药羧甲司坦片(羧甲司坦片),13,0
1834,脑膜炎,9,0
1835,阿奇霉素颗粒,5,0
1836,小米粉粥,7,0
1837,岳阳同联琥乙红霉素片(琥乙红霉素片),13,0
1838,蛇胆川贝液,12,0
1839,司帕沙星分散片,5,0
1840,小儿止咳糖浆,5,0
1841,京万红消食退热糖浆(消食退热糖浆),13,0
1842,低血压,4,0
1843,关节痛,9,0
1844,復安欣(磷霉素氨丁三醇散),13,0
1845,苯妥英钠片,5,0
1846,潮红潮热,4,0
1847,盐酸氨溴索胶囊,5,0
1848,青岛百洋制药甘露聚糖肽片(甘露聚糖肽片),13,0
1849,支气管炎,1,0
1850,急性心肌梗死,9,0
1851,江苏黄河药业硬脂酸红霉素片(硬脂酸红霉素片),13,0
1852,珊瑚七十味丸,5,0
1853,小青龙颗粒,5,0
1854,上海皇象铁力蓝天诺氟沙星胶(诺氟沙星胶囊),13,0
1855,永生堂对乙酰氨基酚片(对乙酰氨基酚片),13,0
1856,哈药六厂对乙酰氨基酚片(对乙酰氨基酚片),13,0
1857,鱼茸菜心,7,0
1858,江西南昌康尔心胶囊(康尔心胶囊),13,0
1859,龟鹿补肾口服液,5,0
1860,吉林黄栀花三七活血丸(三七活血丸),13,0
1861,诺氟沙星胶囊,5,0
1862,健儿清解液,2,0
1863,阿莫仙阿莫西林颗粒(阿莫西林颗粒),13,0
1864,头孢氨苄胶囊,2,0
1865,白果（干）,6,0
1866,庆余堂注射用头孢唑肟钠(注射用头孢唑肟钠),13,0
1867,比亚芬(三乙醇胺乳膏),13,0
1868,参茸卫生丸,12,0
1869,利民制药阿奇霉素胶囊(阿奇霉素胶囊),13,0
1870,冰糖莲子汁,7,0
1871,香菇白菜羹,7,0
1872,北京曙光药业羧甲司坦片(羧甲司坦片),13,0
1873,江西大自然参茸卫生丸(参茸卫生丸),13,0
1874,迪龙制药胸腺肽肠溶片(胸腺肽肠溶片),13,0
1875,蘑菇银耳焖豆腐,7,0
1876,四川奥邦甘露聚糖肽片(甘露聚糖肽片),13,0
1877,神经内科,10,0
1878,低蛋白血症,4,0
1879,蛇胆川贝液,2,0
1880,平光制药醋酸泼尼松片(醋酸泼尼松片),13,0
1881,圆肉腐竹红枣白菜汤,7,0
1882,头孢氨苄甲氧苄啶片(头孢氨苄甲氧苄啶片),13,0
1883,软熘鲤鱼扇,7,0
1884,液气胸征,3,0
1885,番茄苹果汁,7,0
1886,痰液常规检查,3,0
1887,甲硝唑乳膏,5,0
1888,卷心菜菠萝汁,7,0
1889,头孢克洛颗粒,5,0
1890,尿道分泌物检查,3,0
1891,鱼肉鸡蛋汤,7,0
1892,鳕鱼,6,0
1893,氨咖甘片,5,0
1894,腹部不适,4,0
1895,成都药业醋酸泼尼松片(醋酸泼尼松片),13,0
1896,厌食,4,0
1897,海南博大琥乙红霉素片(琥乙红霉素片),13,0
1898,九势制药苯妥英钠片(苯妥英钠片),13,0
1899,白萝卜油菜汁,7,0
1900,百合花鸡蛋羹,7,0
1901,康普药业阿奇霉素分散片(阿奇霉素分散片),13,0
1902,枸杞油菜粥,7,0
1903,免疫学检测,3,0
1904,同济现代医药苯妥英钠片(苯妥英钠片),13,0
1905,豆腐皮春卷,7,0
1906,蛇胆川贝液(蛇胆川贝液),13,0
1907,海南三叶制药牛磺酸颗粒(牛磺酸颗粒),13,0
1908,华瑞联合制药头孢氨苄甲氧苄(头孢氨苄甲氧苄啶片),13,0
1909,齐迈星(阿奇霉素分散片),13,0
1910,东阿阿胶阿胶补血膏(阿胶补血膏),13,0
1911,安胎丸,5,0
1912,燕麦粳米粥,7,0
1913,广西芳菲止咳枇杷糖浆(止咳枇杷糖浆),13,0
1914,疱疹,4,0
1915,车前草鸡骨草炖鱼头,7,0
1916,参茸卫生丸,2,0
1917,山东方明琥乙红霉素片(琥乙红霉素片),13,0
1918,龙眼粥,7,0
1919,香蕉百合银耳羹,7,0
1920,吉林敖东洮南小牛脾提取物注(小牛脾提取物注射液),13,0
1921,肺热,1,0
1922,乳酸左氧氟沙星片,2,0
1923,空心菜粥,7,0
1924,硫酸沙丁胺醇气雾剂,5,0
1925,脓性分泌物,4,0
1926,仁和堂药业琥乙红霉素片(琥乙红霉素片),13,0
1927,浙江得恩德氧氟沙星片(氧氟沙星片),13,0
1928,国瑞药业利巴韦林分散片(利巴韦林分散片),13,0
1929,白云山医药琥乙红霉素片(琥乙红霉素片),13,0
1930,恒久远药业利巴韦林片(利巴韦林片),13,0
1931,脑水肿,9,0
1932,银耳樱桃羹,7,0
1933,信谊万象赖氨酸维B12颗粒(赖氨酸维B12颗粒),13,0
1934,健儿清解液,5,0
1935,牛奶,6,0
1936,恒健制药诺氟沙星胶囊(诺氟沙星胶囊),13,0
1937,水萝卜丝拌白菜,7,0
1938,肺部检查,3,0
1939,瑞血新(重组人粒细胞刺激因子注射液),13,0
1940,北京万辉双鹤硬脂酸红霉素片(硬脂酸红霉素片),13,0
1941,七佛山诺氟沙星胶囊(诺氟沙星胶囊),13,0
1942,鸡蛋黄,6,0
1943,枣桃粥,7,0
1944,注射用青霉素钠,5,0
1945,当归片,5,0
1946,水果,6,0
1947,慢性嗜酸性粒细胞性肺炎,1,0
1948,宜昌人福土霉素片(土霉素片),13,0
1949,湖南千金湘江阿奇霉素颗粒(阿奇霉素颗粒),13,0
1950,西芹菠萝汁,7,0
1951,恶心,4,0
1952,儿童肺功能检查,3,0
1953,注射用甲泼尼龙琥珀酸钠,12,0
1954,力源制药清热消炎宁片(清热消炎宁片),13,0
1955,阿昔洛韦缓释片,12,0
1956,免疫性溶血,4,0
1957,川贝枇杷糖浆,5,0
1958,捻发音,4,0
1959,附睾炎,9,0
1960,小儿珍贝散,12,0
1961,小儿剧烈咳嗽,4,0
1962,辽宁海思科注射用甲泼尼龙琥(注射用甲泼尼龙琥珀酸钠),13,0
1963,华南药业羧甲司坦片(羧甲司坦片),13,0
1964,鸡血,6,0
1965,抗链球菌壁多糖抗体,3,0
1966,奶汤锅子鱼,7,0
1967,红霉素肠溶片,12,0
1968,脱屑性间质肺炎,1,0
1969,口腔溃疡,4,0
1970,吉林十誉药业三七活血丸(三七活血丸),13,0
1971,黄杆菌肺炎,1,0
1972,沙雷菌肺炎,1,0
1973,万通复升药业关节止痛膏(关节止痛膏),13,0
1974,面肌无力,4,0
1975,健生制药阿奇霉素分散片(阿奇霉素分散片),13,0
1976,北京同仁堂治咳枇杷露(治咳枇杷露),13,0
1977,春哥益肾灵颗粒(益肾灵颗粒),13,0
1978,科伦药业(瑞德西韦),13,0
1979,枸杞叶芹菜粥,7,0
1980,盐酸氨溴索口服溶液,5,0
1981,听力下降,4,0
1982,广西天天乐蛇胆川贝液(蛇胆川贝液),13,0
1983,吉林华威硬脂酸红霉素片(硬脂酸红霉素片),13,0
1984,欧化药业对乙酰氨基酚片(对乙酰氨基酚片),13,0
1985,鲜百合冬菇西兰花汤,7,0
1986,多形红斑,9,0
1987,香拌菜花,7,0
1988,迟发性皮肤变态反应,3,0
1989,甘蔗萝卜汤,7,0
1990,绝经,4,0
1991,瑞德西韦,12,0
1992,二羟丙茶碱片,5,0
1993,对症及支持治疗,11,0
1994,复方皂矾丸,5,0
1995,大连天宇罗红霉素干混悬剂(罗红霉素干混悬剂),13,0
1996,花生（炒）,8,0
1997,汕头金石羧甲司坦片(羧甲司坦片),13,0
1998,产碱杆菌肺炎,1,0
1999,草莓菠菜汁,7,0
2000,常州制药罗红霉素胶囊(罗红霉素胶囊),13,0
2001,上海信谊利巴韦林片(利巴韦林片),13,0
2002,乳酸左氧氟沙星片,5,0
2003,冬瓜鲤鱼汤,7,0
2004,上海杏灵科技银杏叶片(银杏叶片),13,0
2005,炒绿豆芽,7,0
2006,清炒绿豆芽,7,0
2007,红细胞渗透脆性试验（ROFT）,3,0
2008,扭转痉挛,4,0
2009,咳嗽痰多,4,0
2010,枸橼酸喷托维林片,5,0
2011,氢氯噻嗪片,5,0
2012,甲状腺炎,9,0
2013,酶联免疫吸附试验,3,0
2014,羚锐卫生关节止痛膏(关节止痛膏),13,0
2015,注射用甲泼尼龙琥珀酸钠,2,0
2016,乏力,4,0
2017,三维康(氟康唑胶囊),13,0
2018,阿昔洛韦缓释片,2,0
2019,脓胸,9,0
2020,甘露聚糖肽口服溶液,5,0
2021,中耳炎,9,0
2022,小儿珍贝散,2,0
2023,平洁甲硝唑乳膏(甲硝唑乳膏),13,0
2024,江西汇仁利巴韦林片(利巴韦林片),13,0
2025,红霉素肠溶片,2,0
2026,阿莫西林胶囊(阿莫西林胶囊),13,0
2027,万泽制药醋酸泼尼松片(醋酸泼尼松片),13,0
2028,上海衡山阿昔洛韦胶囊(阿昔洛韦胶囊),13,0
2029,免疫病理检查,3,0
2030,结膜炎,9,0
2031,奶油白菜,7,0
2032,尿失禁,9,0
2033,凉拌香椿,7,0
2034,万托林(硫酸沙丁胺醇气雾剂),13,0
2035,华润紫竹药业醋酸可的松片(醋酸可的松片),13,0
2036,重庆中药二厂八珍益母丸(八珍益母丸),13,0
2037,血清免疫蛋白电泳,3,0
2038,瑞德西韦,2,0
2039,柏海醋酸泼尼松片(醋酸泼尼松片),13,0
2040,莲藕炒肉片,7,0
2041,孩尔欣头孢克洛颗粒(头孢克洛颗粒),13,0
2042,昏迷,9,0
2043,克拉霉素胶囊,12,0
2044,百日咳,9,0
2045,北京曙光药业对乙酰氨基酚片(对乙酰氨基酚片),13,0
2046,方盛制药赖氨酸维B12颗粒(赖氨酸维B12颗粒),13,0
2047,对症支持性治疗,11,0
2048,吉林银诺克九味健肾胶囊(九味健肾胶囊),13,0
2049,牛奶玉米汤,7,0
2050,抗体检测,3,0
2051,神经系统核医学检查,3,0
2052,小儿肺热咳喘口服液,5,0
2053,卡氏肺囊虫肺炎,1,0
2054,复方罗汉果止咳颗粒,5,0
2055,泰华堂补肾益气胶囊(补肾益气胶囊),13,0
2056,抗人T细胞猪免疫球蛋白,5,0
2057,结痂,4,0
2058,黑龙江百泰盐酸吗啉胍片(盐酸吗啉胍片),13,0
2059,麝香壮骨膏,12,0
2060,消糜栓,5,0
2061,安胎益母丸,5,0
2062,氨肽素片,5,0
2063,呼气流速,3,0
2064,支气管扩张,9,0
2065,明水药业盐酸环丙沙星片(盐酸环丙沙星片),13,0
2066,鲢鱼肉丸汤,7,0
2067,循环衰竭,4,0
2068,酱泥鳅,7,0
2069,猪油（板油）,8,0
2070,心悸,4,0
2071,发绀,4,0
2072,纽兰药业小青龙合剂(小青龙合剂),13,0
2073,广东宏远甘露聚糖肽片(甘露聚糖肽片),13,0
2074,福建南少林盐酸金刚烷胺糖浆(盐酸金刚烷胺糖浆),13,0
2075,马兰头菜粥,7,0
2076,呼气时两颊鼓起和缩唇,4,0
2077,妇科,10,0
2078,肝脏肿大,4,0
2079,上海玉瑞琥乙红霉素片(琥乙红霉素片),13,0
2080,热毒宁注射液,5,0
2081,菜花,6,0
2082,酸中毒,9,0
2083,克拉霉素胶囊,2,0
2084,风湿免疫科,10,0
2085,下腹痛,4,0
2086,左羟丙哌嗪分散片,5,0
2087,云南龙发小儿牛黄清肺片(小儿牛黄清肺片),13,0
2088,国瑞阿莫西林胶囊(阿莫西林胶囊),13,0
2089,猪肝白菜汤,7,0
2090,石药欧意诺氟沙星胶囊(诺氟沙星胶囊),13,0
2091,腰酸,4,0
2092,肩部牵涉痛,4,0
2093,新鲜蔬菜,6,0
2094,石药欧意对乙酰氨基酚片(对乙酰氨基酚片),13,0
2095,四环素片,5,0
2096,肝素钠维E乳膏,5,0
2097,气喘,4,0
2098,昆明积大制药阿莫西林胶囊(阿莫西林胶囊),13,0
2099,一品红回心康片(回心康片),13,0
2100,关节止痛膏,5,0
2101,麝香壮骨膏,2,0
2102,抗菌治疗、抗休克治疗、纠正酸中毒，糖皮质激素应用以及防治并发症的发生,11,0
2103,胡萝卜番茄汤,7,0
2104,胚宝胶囊,5,0
2105,痰液量,3,0
2106,粉丝拌油菜,7,0
2107,胸腔积液,9,0
2108,山楂百合汤,7,0
2109,肺不张,9,0
2110,菌血症,9,0
2111,荠菜,6,0
2112,醋酸泼尼松片,5,0
2113,三鲜冬瓜汤,7,0
2114,黄酒,8,0
2115,海南回元堂固本回元口服液(固本回元口服液),13,0
2116,上海通用肝素钠维E乳膏(肝素钠维E乳膏),13,0
2117,成人呼吸窘迫综合征,9,0
2118,乌龟,6,0
2119,意识障碍,9,0
2120,鼻塞,4,0
2121,玉米粉燕麦粥,7,0
2122,卤汁豆腐,7,0
2123,腹胀,4,0
2124,呼吸衰竭,4,0
2125,乳酸左氧氟沙星分散片,5,0
2126,鹅,6,0
2127,糯米莲藕,7,0
2128,肺炎,9,0
2129,菠菜豆腐汤,7,0
2130,蜂王牌再造生血片(再造生血片),13,0
2131,胸部CT,3,0
2132,气胸,9,0
2133,广西半宙大康川贝清肺糖浆(川贝清肺糖浆),13,0
2134,鲁抗阿莫西林胶囊(阿莫西林胶囊),13,0
2135,缩窄性心包炎,9,0
2136,龙发制药小儿牛黄清肺片(小儿牛黄清肺片),13,0
2137,番茄猪肝瘦肉汤,7,0
2138,扁桃体发炎,4,0
2139,仙琚制药达那唑胶囊(达那唑胶囊),13,0
2140,小儿感冒宁合剂,5,0
2141,东北制药硬脂酸红霉素片(硬脂酸红霉素片),13,0
2142,虾皮,8,0
2143,小儿吉兰-巴雷综合征,1,0
2144,中华安胎丸(安胎丸),13,0
2145,咳痰,4,0
2146,浦虹(罗红霉素干混悬剂),13,0
2147,安素美(盐酸头孢他美酯干混悬剂),13,0
2148,广东华南利巴韦林含片(利巴韦林含片),13,0
2149,血小板减少,4,0
2150,窒息,4,0
2151,猪小排（猪肋排）,8,0
2152,管城制药注射用头孢唑肟钠(注射用头孢唑肟钠),13,0
2153,成都利尔甘露聚糖肽片(甘露聚糖肽片),13,0
2154,栗子（鲜）,6,0
2155,康良头孢拉定胶囊(头孢拉定胶囊),13,0
2156,百合汤,7,0
2157,力康药业麝香壮骨膏(麝香壮骨膏),13,0
2158,海南海力塞克硝唑胶囊(塞克硝唑胶囊),13,0
2159,肾图检查,3,0
2160,使尔通(螺内酯片),13,0
2161,洛索洛芬钠胶囊,5,0
2162,白云山汤阴东泰羧甲司坦片(羧甲司坦片),13,0
2163,青豆,6,0
2164,小儿急性气管支气管炎,1,0
2165,头昏,4,0
2166,葡萄糖-6-磷酸脱氢酶,3,0
2167,痰鸣音,4,0
2168,松鹿养阴清肺口服液(养阴清肺口服液),13,0
2169,芥末拌白菜,7,0
2170,肺脓肿,9,0
2171,盐酸多西环素胶囊,5,0
2172,太平阿昔洛韦乳膏(阿昔洛韦乳膏),13,0
2173,大叶性肺炎,1,0
2174,李时珍医药小儿咳喘灵颗粒(小儿咳喘灵颗粒),13,0
2175,弘森苯妥英钠片(苯妥英钠片),13,0
2176,社会获得性肺炎,1,0
2177,江西盛翔小儿感冒宁合剂(小儿感冒宁合剂),13,0
2178,甲钴胺胶囊,2,0
2179,辣椒(红、尖、干),8,0
2180,强阳保肾丸,5,0
2181,胡萝卜香菜粥,7,0
2182,方盛赖氨酸维B12颗粒(赖氨酸维B12颗粒),13,0
2183,香菇西兰花,7,0
2184,椒盐白菜,7,0
2185,东药阿昔洛韦凝胶(阿昔洛韦凝胶),13,0
2186,美优制药阿莫西林胶囊(阿莫西林胶囊),13,0
2187,八珍益母丸,5,0
2188,上海皇象铁力蓝天盐酸吗啉胍(盐酸吗啉胍片),13,0
2189,百合汁,7,0
2190,小儿感冒,1,0
2191,支原体尿路感染,1,0
2192,广东三才诺氟沙星胶囊(诺氟沙星胶囊),13,0
2193,鸡肉蛋花木耳汤,7,0
2194,华南药业利巴韦林含片(利巴韦林含片),13,0
2195,尿常规,3,0
2196,鼻疽假单胞菌肺炎,1,0
2197,白喉,9,0
2198,布地奈德气雾剂,5,0
2199,广西芳菲罗汉果止咳糖浆(罗汉果止咳糖浆),13,0
2200,流感病毒肺炎,1,0
2201,头孢氨苄甲氧苄啶片,12,0
2202,鸡蛋芹菜炒饭,7,0
2203,雄巴拉曲神水珊瑚七十味丸(珊瑚七十味丸),13,0
2204,江西鸿烁制药琥乙红霉素片(琥乙红霉素片),13,0
2205,声音嘶哑,4,0
2206,福州海王金象中药盐酸金刚烷(盐酸金刚烷胺糖浆),13,0
2207,百合荸荠雪梨羹,7,0
2208,黑龙江成功药业复方莪术油栓(复方莪术油栓),13,0
2209,肺间质纤维化,4,0
2210,冬春季的慢性咳...,4,0
2211,男性不育,4,0
2212,飞鸽小儿咳喘灵颗粒(小儿咳喘灵颗粒),13,0
2213,苦参栓,2,0
2214,广西梧州三箭三蛇胆川贝糖浆(三蛇胆川贝糖浆),13,0
2215,地诺前列酮栓,5,0
2216,四肢震颤,4,0
2217,阿莫西林胶囊,5,0
2218,栗子（熟）,6,0
2219,麻酱白菜心,7,0
2220,皇象铁力蓝天诺氟沙星胶囊(诺氟沙星胶囊),13,0
2221,肺火,4,0
2222,羧甲司坦片,12,0
2223,肺心病,9,0
2224,江苏平光氯霉素片(氯霉素片),13,0
2225,海南制药厂蛇胆川贝液(蛇胆川贝液),13,0
2226,吉林吉春小儿解感片(小儿解感片),13,0
2227,中联大活络丸(大活络丸),13,0
2228,肌肉酸痛,4,0
2229,胸膜炎,9,0
2230,湖北康源麝香壮骨膏(麝香壮骨膏),13,0
2231,脱水,4,0
2232,鱼香油菜心,7,0
2233,牛奶蒸蛋,7,0
2234,广东南国羧甲司坦片(羧甲司坦片),13,0
2235,丹参益心胶囊,5,0
2236,江苏远恒聚甲酚磺醛阴道栓(聚甲酚磺醛阴道栓),13,0
2237,赤峰蒙欣利巴韦林含片(利巴韦林含片),13,0
2238,嗜睡,4,0
2239,赤小豆,6,0
2240,冬瓜草鱼汤,7,0
2241,达力新(头孢呋辛酯胶囊),13,0
2242,肺和胸膜触诊,3,0
2243,白酒,8,0
2244,尿道分泌粘液或...,4,0
2245,浙江一新利巴韦林胶囊(利巴韦林胶囊),13,0
2246,葱白粥,7,0
2247,黑豆,8,0
2248,心律失常,9,0
2249,广东逸舒羧甲司坦片(羧甲司坦片),13,0
2250,小米鹌鹑汤,7,0
2251,山西云鹏制药维生素B1片(维生素B1片),13,0
2252,甲钴胺胶囊,5,0
2253,清汤白菜卷,7,0
2254,康臣依托红霉素混悬液(依托红霉素混悬液),13,0
2255,番茄鸡蛋煎饼,7,0
2256,北京京丰制药集团阿奇霉素分(阿奇霉素分散片),13,0
2257,新华联达那唑胶囊(达那唑胶囊),13,0
2258,鸡蛋黄,8,0
2259,鼎泰麝香壮骨膏(麝香壮骨膏),13,0
2260,首乌延寿片,5,0
2261,华山药业甲钴胺胶囊(甲钴胺胶囊),13,0
2262,振东安特养血安神片(养血安神片),13,0
2263,山西云鹏制药苯妥英钠片(苯妥英钠片),13,0
2264,颈静脉回流试验,3,0
2265,首儿药厂牛磺酸颗粒(牛磺酸颗粒),13,0
2266,冬菇烧白菜,7,0
2267,怡神保(甲钴胺片),13,0
2268,纳差,4,0
2269,芪参胶囊,5,0
2270,磺胺类药物治疗为主,11,0
2271,四川迪康科技盐酸金刚烷胺糖(盐酸金刚烷胺糖浆),13,0
2272,蛤蜊,8,0
2273,安可清盐酸美他环素片(盐酸美他环素片),13,0
2274,白菜虾仁面汤,7,0
2275,斑丘疹,4,0
2276,魔芋豆腐,7,0
2277,胸水,4,0
2278,Reiter综合征,1,0
2279,信谊黄河苯妥英钠片(苯妥英钠片),13,0
2280,人白细胞抗原B27（HLA―B27）,3,0
2281,迪瑞制药利巴韦林含片(利巴韦林含片),13,0
2282,西安必康琥乙红霉素片(琥乙红霉素片),13,0
2283,小儿衣原体肺炎,1,0
2284,天津天药药业醋酸泼尼松片(醋酸泼尼松片),13,0
2285,考孚亭(左羟丙哌嗪分散片),13,0
2286,康威迪克(洛索洛芬钠胶囊),13,0
2287,新丰注射用头孢唑肟钠(注射用头孢唑肟钠),13,0
2288,苦参栓,5,0
2289,氨茶碱片,5,0
2290,儿科,10,0
2291,弛张热,4,0
2292,南昌济生利巴韦林片(利巴韦林片),13,0
2293,博瑞医药瑞德西韦(瑞德西韦),13,0
2294,凉拌番茄,7,0
2295,星斗药业苯妥英钠片(苯妥英钠片),13,0
2296,豆浆粥,7,0
2297,咸鸭蛋,8,0
2298,磷霉素钙甲氧苄啶胶囊,5,0
2299,咸鱼,8,0
2300,哈药总厂注射用磺苄西林钠(注射用磺苄西林钠),13,0
2301,赤小豆粥,7,0
2302,北大医药氯霉素片(氯霉素片),13,0
2303,体温测量,3,0
2304,嗅觉或味觉丧失,4,0
2305,病因治疗,11,0
2306,百合贝母煲猪肉,7,0
2307,银杏达莫注射液,5,0
2308,鸡蛋冰糖炖银耳,7,0
2309,湖北纽兰雪梨膏(雪梨膏),13,0
2310,番茄葡萄汁,7,0
2311,血清β2微球蛋白（β2-MG）,3,0
2312,百合炒芦笋,7,0
2313,脉搏,3,0
2314,气急,4,0
2315,石药欧意苯妥英钠片(苯妥英钠片),13,0
2316,羧甲淀粉钠溶液,5,0
2317,休克,9,0
2318,油豆腐,8,0
2319,CT检查,3,0
2320,达仁堂生血丸(生血丸),13,0
2321,芝麻蜂蜜粥,7,0
2322,间接胆红素,3,0
2323,武昌鱼,6,0
2324,七星山药业小儿肺热平胶囊(小儿肺热平胶囊),13,0
2325,阿胶补血膏,5,0
2326,酸奶银耳水果羹,7,0
2327,复方丹参滴丸,5,0
2328,粒细胞减少,4,0
2329,注射用头孢唑林钠,5,0
2330,阿昔洛韦胶囊,5,0
2331,内科,10,0
2332,西藏神水藏药十八味诃子丸(十八味诃子丸),13,0
2333,辽宁格林硬脂酸红霉素片(硬脂酸红霉素片),13,0
2334,江苏正大天晴洛匹那韦/利托那韦片(洛匹那韦/利托那韦片),13,0
2335,金银花苦瓜汤,7,0
2336,大动脉炎,9,0
2337,显锋科技阿莫西林胶囊(阿莫西林胶囊),13,0
2338,金扬沙妇炎灵栓(妇炎灵栓),13,0
2339,北京首儿阿奇霉素干混悬剂(阿奇霉素干混悬剂),13,0
2340,雪菜肉末粥,7,0
2341,东康药业诺氟沙星胶囊(诺氟沙星胶囊),13,0
2342,乙酰螺旋霉素片,5,0
2343,南瓜牛奶汁,7,0
2344,天津力生制药苯妥英钠片(苯妥英钠片),13,0
2345,周围血白细胞计数及分类检验,3,0
2346,头孢呋辛酯胶囊,5,0
2347,海神同洲螺内酯片(螺内酯片),13,0
2348,衣玉品,4,0
2349,运泰(头孢呋辛酯干混悬剂),13,0
2350,十全大补酒,5,0
2351,肺和胸膜叩诊,3,0
2352,蛋白尿,4,0
2353,远大医药醋酸可的松片(醋酸可的松片),13,0
2354,核桃,6,0
2355,油菜粥,7,0
2356,赛乐欣(阿奇霉素分散片),13,0
2357,广州诺金小儿咳喘灵颗粒(小儿咳喘灵颗粒),13,0
2358,利巴韦林分散片,12,0
2359,酸甜白菜,7,0
2360,牛奶花生粥,7,0
2361,复方炉甘石外用散,5,0
2362,多发性神经炎,9,0
2363,泰利必妥(氧氟沙星片),13,0
2364,胸痛伴胸闷、心悸,4,0
2365,广东华天宝龟鹿补肾口服液(龟鹿补肾口服液),13,0
2366,云门药业头孢氨苄甲氧苄啶片(头孢氨苄甲氧苄啶片),13,0
2367,败血症,4,0
2368,晶珠藏药蛇胆川贝液(蛇胆川贝液),13,0
2369,加替沙星片,5,0
2370,北京曙光药业红霉素肠溶片(红霉素肠溶片),13,0
2371,啰音,4,0
2372,猪肝粥,7,0
2373,复视,4,0
2374,利巴韦林胶囊,5,0
2375,吉林东方制药枸橼酸喷托维林(枸橼酸喷托维林片),13,0
2376,麦咪诺(硝呋太尔阴道片),13,0
2377,宜昌长江乳酸左氧氟沙星片(乳酸左氧氟沙星片),13,0
2378,正茂血宝胶囊(血宝胶囊),13,0
2379,肺和胸膜听诊,3,0
2380,菠萝双瓜,7,0
2381,洛匹那韦/利托那韦,5,0
2382,花生仁（炒）,6,0
2383,百益制药关节止痛膏(关节止痛膏),13,0
2384,菌尿,4,0
2385,手变短,4,0
2386,奥吉娜利巴韦林含片(利巴韦林含片),13,0
2387,广州白云山光华达那唑胶囊(达那唑胶囊),13,0
2388,赖氨酸维B12颗粒,12,0
2389,银耳粥,7,0
2390,广西梧州三鹤安胎丸(安胎丸),13,0
2391,鲁抗注射用头孢唑林钠(注射用头孢唑林钠),13,0
2392,腺病毒肺炎,1,0
2393,联邦安必仙氨苄西林胶囊(氨苄西林胶囊),13,0
2394,杭州民生达那唑胶囊(达那唑胶囊),13,0
2395,常乐制药利巴韦林片(利巴韦林片),13,0
2396,头孢克洛缓释胶囊,5,0
2397,惊厥,4,0
2398,尿含铁血红黄素,3,0
2399,赖氨酸维B12颗粒(赖氨酸维B12颗粒),13,0
2400,实际碳酸氢盐（AB）,3,0
2401,河北天成药业羧甲司坦片(羧甲司坦片),13,0
2402,免疫印迹技术,3,0
2403,红豆莲藕粥,7,0
2404,利巴韦林分散片,2,0
2405,小儿牛黄清肺片,5,0
2406,萝卜枸杞玉米粥,7,0
2407,活动后气促,4,0
2408,锦华药业氯霉素片(氯霉素片),13,0
2409,吉林利华制药阿莫西林胶囊(阿莫西林胶囊),13,0
2410,抗病毒口服液(中成药),13,0
2411,纽兰药业十全大补膏(十全大补膏),13,0
2412,丹东宏业氨肽素片(氨肽素片),13,0
2413,正清制药达那唑胶囊(达那唑胶囊),13,0
2414,青豌豆浆汤,7,0
2415,煎猪肝,7,0
2416,螺旋CT检查,3,0
2417,复仙安(注射用盐酸头孢替安),13,0
2418,手足徐动症,1,0
2419,奶油鱼肉,7,0
2420,广西灵峰药业蛇胆川贝液(蛇胆川贝液),13,0
2421,成都锦华诺氟沙星胶囊(诺氟沙星胶囊),13,0
2422,福邦药业克拉霉素胶囊(克拉霉素胶囊),13,0
2423,恒健诺氟沙星胶囊(诺氟沙星胶囊),13,0
2424,替勃龙片,5,0
2425,长治三宝氨肽素片(氨肽素片),13,0
2426,补肾斑龙片,12,0
2427,江苏亚邦强生阿昔洛韦乳膏(阿昔洛韦乳膏),13,0
2428,正清制药鲜竹沥(鲜竹沥),13,0
2429,类脂性肺炎,1,0
2430,甲泼尼龙片,12,0
2431,鲫鱼,6,0
2432,赖氨酸维B12颗粒,2,0
2433,薯蓣皂苷片,5,0
2434,上海延安药业诺氟沙星胶囊(诺氟沙星胶囊),13,0
2435,同仁堂养阴清肺丸(养阴清肺丸),13,0
2436,小儿咳嗽,4,0
2437,万寿宫甲硝唑阴道泡腾片(甲硝唑阴道泡腾片),13,0
2438,溶血性贫血,4,0
2439,妊娠合并急性肾盂肾炎,9,0
2440,莲子银耳炖雪梨,7,0
2441,白菜粥,7,0
2442,上睑下垂,4,0
2443,异型中性粒细胞,3,0
2444,辽源誉隆亚东盐酸金刚烷胺糖(盐酸金刚烷胺糖浆),13,0
2445,咸蛋蒸猪肉,7,0
2446,哮鸣音,4,0
2447,油菜叶拌豆丝,7,0
2448,香菇炒菜花,7,0
2449,咳嗽伴哮鸣音,4,0
2450,健民叶开泰国药依托红霉素颗(依托红霉素颗粒),13,0
