,0
0,视图
1,公式
2,组合
3,组界
4,数列
5,组限
6,反证
7,标度
8,数系
9,真值
10,末项
11,始值
12,内点
13,分解
14,舍去
15,差集
16,容量
17,下标
18,偏倚
19,数型
20,直观
21,参数
22,离散
23,否定
24,纵线
25,圆族
26,守恒
27,单位
28,量网
29,千位
30,迭代
31,像原
32,时间
33,变率
34,解集
35,发散
36,数量
37,零角
38,百万
39,范围
40,图表
41,总计
42,定理
43,无限
44,净值
45,比例
46,命题
47,公理
48,同号
49,格点
50,计值
51,长袖
52,数组
53,位能
54,基数
55,验算
56,周转
57,百位
58,方阵
59,固体
60,舍入
61,交迭
62,常显
63,定律
64,演算
65,数学
66,对策
67,演绎
68,宇集
69,十亿
70,编码
71,变换
72,单利
73,回代
74,准则
75,迭合
76,断定
77,截痕
78,万位
79,分立
80,质量
81,合量
82,组距
83,线束
84,阔度
85,定义
86,结果
87,根轴
88,变项
89,重合
90,算术
91,球缺
92,简化
93,互换
94,纯量
95,公设
96,泛量
97,像点
98,密位
99,迭代形
100,行程图
101,不包含
102,未知量
103,组织图
104,立方式
105,无向量
106,负方向
107,组区间
108,有向数
109,充份性
110,证明题
111,递升序
112,象形图
113,可迁律
114,一般式
115,三段论
116,函数值
117,正比例
118,应变量
119,正规曲
120,不定型
121,表列式
122,待定型
123,自然数
124,输换式
125,加括号
126,定义城
127,迭代值
128,转向点
129,组中点
130,逆运算
131,复名数
132,初速度
133,匀速率
134,内分点
135,半贯轴
136,最小值
137,选择题
138,非自反
139,递降序
140,不共线
141,有序集
142,离心力
143,异类项
144,部分和
145,角动量
146,施力点
147,不变性
148,可兼的
149,原命题
150,有效性
151,线动量
152,平稳点
153,减速度
154,加速度
155,动力学
156,比例尺
157,测斜仪
158,填空题
159,被除式
160,有孔版
161,大于号
162,平行力
163,数字的
164,单利息
165,树形图
166,向心力
167,判断题
168,简谐运动
169,规则系统
170,复合命题
171,彻底事件
172,等价关系
173,增长因子
174,相对误差
175,离散数据
176,动量守恒
177,数学分析
178,作用力线
179,相依事件
180,相对运动
181,德摩根律
182,弹性模数
183,可变速率
184,度量单位
185,约束条件
186,恒真命题
187,对立事件
188,逻辑步骤
189,包含公理
190,摩擦系数
191,直线运动
192,全称量词
193,互补事件
194,原始数据
195,瞬时速度
196,自反关系
197,必然事件
198,连续数据
199,分类公理
200,重复排列
201,振幅变换
202,分类数据
203,充要条件
204,实验公式
205,瞬时加速度
206,样本平均数
207,顺时针力矩
208,数学归纳法
209,地心加速度
210,逐次代换法
211,解析表达式
212,振动收敛性
213,推算统计资料
214,阿拉伯数字系统
